player,team,season,matches_played,starts,minutes,minutes_90s,goals,assists,goals_assists,non_penalty_goals,penalties_scored,penalties_attempted,yellow_cards,red_cards,goals_assists_non_penalty_per_90
Patrick van Aanholt,Wigan Athletic,2011-2012,3,3,270.0,3.0,0,0,0,0,0,0,0,0,0.0
Charlie Adam,Liverpool,2011-2012,28,27,,24.1,2,6,8,1,1,2,6,1,0.29
Emmanuel Adebayor,Tottenham,2011-2012,33,32,,31.4,17,11,28,14,3,4,3,0,0.8
Gabriel Agbonlahor,Aston Villa,2011-2012,33,32,,30.7,5,5,10,5,0,0,6,0,0.33
Daniel Agger,Liverpool,2011-2012,27,24,,23.8,1,1,2,1,0,0,6,0,0.08
Sergio Agüero,Manchester City,2011-2012,34,31,,28.6,23,8,31,20,3,3,2,0,0.98
Kemy Agustien,Swansea City,2011-2012,13,7,713.0,7.9,0,0,0,0,0,0,3,0,0.0
Patrick Agyemang,QPR,2011-2012,2,2,144.0,1.6,0,0,0,0,0,0,0,0,0.0
Yakubu Aiyegbeni,Blackburn,2011-2012,30,29,,27.1,17,2,19,13,4,5,1,1,0.55
Marc Albrighton,Aston Villa,2011-2012,26,15,,16.6,2,2,4,2,0,0,3,0,0.24
Antolín Alcaraz,Wigan Athletic,2011-2012,25,25,,24.1,2,0,2,2,0,0,5,0,0.08
Alex,Chelsea,2011-2012,3,3,245.0,2.7,0,0,0,0,0,0,0,0,0.0
Joe Allen,Swansea City,2011-2012,36,31,,32.2,4,2,6,4,0,0,3,1,0.19
Marcos Alonso,Bolton,2011-2012,5,4,331.0,3.7,1,0,1,1,0,0,0,0,0.27
Sammy Ameobi,Newcastle Utd,2011-2012,10,1,202.0,2.2,0,0,0,0,0,0,0,0,0.0
Shola Ameobi,Newcastle Utd,2011-2012,27,8,,11.4,2,5,7,2,0,0,3,0,0.62
Ben Amos,Manchester Utd,2011-2012,1,1,90.0,1.0,0,0,0,0,0,0,0,0,0.0
Anderson,Manchester Utd,2011-2012,10,8,690.0,7.7,2,1,3,2,0,0,2,0,0.39
Bruno Andrade,QPR,2011-2012,1,0,11.0,0.1,0,0,0,0,0,0,0,0,0.0
Keith Andrews,West Brom,2011-2012,14,8,789.0,8.8,2,1,3,2,0,0,2,0,0.34
Nicolas Anelka,Chelsea,2011-2012,9,3,421.0,4.7,1,1,2,1,0,0,0,0,0.43
Victor Anichebe,Everton,2011-2012,12,5,448.0,5.0,5,0,5,5,0,0,1,0,1.0
John Arne Riise,Fulham,2011-2012,36,35,,34.9,0,4,4,0,0,0,2,0,0.11
Andrey Arshavin,Arsenal,2011-2012,19,8,724.0,8.0,1,3,4,1,0,0,1,0,0.5
Mikel Arteta,Arsenal,2011-2012,29,29,,27.4,6,2,8,6,0,0,4,0,0.29
Mikel Arteta,Everton,2011-2012,2,1,127.0,1.4,1,0,1,0,1,1,1,0,0.0
Benoît Assou-Ekotto,Tottenham,2011-2012,34,34,,32.9,2,4,6,2,0,0,6,0,0.18
Fábio Aurélio,Liverpool,2011-2012,2,1,65.0,0.7,0,0,0,0,0,0,0,0,0.0
Daniel Ayala,Norwich City,2011-2012,7,6,497.0,5.5,0,0,0,0,0,0,2,0,0.0
Demba Ba,Newcastle Utd,2011-2012,34,32,,30.2,16,2,18,14,2,3,1,0,0.53
Leighton Baines,Everton,2011-2012,33,33,,33.0,4,2,6,1,3,3,7,0,0.09
Chris Baird,Fulham,2011-2012,19,13,,14.2,0,0,0,0,0,0,6,0,0.0
Nathan Baker,Aston Villa,2011-2012,8,6,551.0,6.1,0,0,0,0,0,0,0,0,0.0
Gareth Bale,Tottenham,2011-2012,36,36,,35.7,9,10,19,9,0,0,3,0,0.53
Mario Balotelli,Manchester City,2011-2012,23,14,,14.8,13,1,14,10,3,3,8,2,0.75
Barry Bannan,Aston Villa,2011-2012,28,10,,14.0,1,2,3,0,1,1,2,0,0.14
Phil Bardsley,Sunderland,2011-2012,31,29,,27.5,1,0,1,1,0,0,5,1,0.04
Ross Barkley,Everton,2011-2012,6,2,216.0,2.4,0,0,0,0,0,0,0,0,0.0
Leon Barnett,Norwich City,2011-2012,17,13,,13.7,1,1,2,1,0,0,2,1,0.15
Gareth Barry,Manchester City,2011-2012,34,31,,30.4,1,3,4,1,0,0,10,1,0.13
Joey Barton,QPR,2011-2012,31,31,,29.7,3,3,6,3,0,0,8,2,0.2
Joey Barton,Newcastle Utd,2011-2012,2,2,180.0,2.0,0,0,0,0,0,0,2,0,0.0
Sébastien Bassong,Tottenham,2011-2012,5,1,228.0,2.5,0,0,0,0,0,0,0,0,0.0
Sébastien Bassong,Wolves,2011-2012,9,9,682.0,7.6,0,0,0,0,0,0,1,1,0.0
Jose Baxter,Everton,2011-2012,1,0,13.0,0.1,0,0,0,0,0,0,0,0,0.0
Jean Beausejour,Wigan Athletic,2011-2012,16,16,,15.4,0,5,5,0,0,0,1,0,0.32
Jermaine Beckford,Everton,2011-2012,2,1,68.0,0.8,0,0,0,0,0,0,0,0,0.0
Asmir Begović,Stoke City,2011-2012,23,22,,22.2,0,0,0,0,0,0,0,0,0.0
Craig Bellamy,Liverpool,2011-2012,27,12,,13.9,6,3,9,6,0,0,6,0,0.65
Hatem Ben Arfa,Newcastle Utd,2011-2012,26,16,,17.3,5,5,10,5,0,0,2,0,0.58
Yossi Benayoun,Arsenal,2011-2012,19,10,904.0,10.0,4,1,5,4,0,0,1,0,0.5
Yossi Benayoun,Chelsea,2011-2012,1,0,2.0,0.0,0,0,0,0,0,0,0,0,0.0
Nicklas Bendtner,Arsenal,2011-2012,1,0,11.0,0.1,0,0,0,0,0,0,0,0,0.0
Nicklas Bendtner,Sunderland,2011-2012,28,25,,24.7,8,5,13,7,1,1,2,0,0.49
Elliott Bennett,Norwich City,2011-2012,33,22,,22.4,1,4,5,1,0,0,5,0,0.22
Ryan Bennett,Norwich City,2011-2012,8,8,720.0,8.0,0,0,0,0,0,0,2,0,0.0
Darren Bent,Aston Villa,2011-2012,22,21,,20.6,9,1,10,7,2,2,1,0,0.39
Dimitar Berbatov,Manchester Utd,2011-2012,12,5,521.0,5.8,7,0,7,5,2,2,0,0,0.86
Christophe Berra,Wolves,2011-2012,32,29,,30.0,0,0,0,0,0,0,5,0,0.0
Ryan Bertrand,Chelsea,2011-2012,7,6,540.0,6.0,0,0,0,0,0,0,1,0,0.0
Federico Bessone,Swansea City,2011-2012,1,0,6.0,0.1,0,0,0,0,0,0,0,0,0.0
Leon Best,Newcastle Utd,2011-2012,18,16,,12.8,4,2,6,4,0,0,2,0,0.47
Diniyar Bilyaletdinov,Everton,2011-2012,10,7,522.0,5.8,0,1,1,0,0,0,0,0,0.17
Nick Blackman,Blackburn,2011-2012,1,0,7.0,0.1,0,0,0,0,0,0,0,0,0.0
Robbie Blake,Bolton,2011-2012,1,0,5.0,0.1,0,0,0,0,0,0,0,0,0.0
Ádám Bogdán,Bolton,2011-2012,20,20,,20.0,0,0,0,0,0,0,0,0,0.0
José Bosingwa,Chelsea,2011-2012,27,24,,23.5,1,2,3,1,0,0,5,1,0.13
Jay Bothroyd,QPR,2011-2012,21,12,,12.3,2,1,3,2,0,0,3,0,0.24
Dedryck Boyata,Bolton,2011-2012,14,13,,12.5,1,0,1,1,0,0,3,0,0.08
Emmerson Boyce,Wigan Athletic,2011-2012,26,26,,25.2,3,1,4,3,0,0,3,0,0.16
Titus Bramble,Sunderland,2011-2012,8,8,650.0,7.2,1,0,1,1,0,0,0,0,0.14
Wayne Bridge,Sunderland,2011-2012,8,3,320.0,3.6,0,0,0,0,0,0,1,0,0.0
Matthew Briggs,Fulham,2011-2012,2,1,91.0,1.0,0,0,0,0,0,0,0,0,0.0
Leon Britton,Swansea City,2011-2012,36,35,,33.4,0,0,0,0,0,0,3,0,0.0
Wes Brown,Sunderland,2011-2012,20,20,,19.3,1,0,1,1,0,0,2,0,0.05
Chris Brunt,West Brom,2011-2012,29,25,,25.6,2,6,8,2,0,0,5,0,0.31
Mark Bunn,Blackburn,2011-2012,3,3,270.0,3.0,0,0,0,0,0,0,0,0,0.0
Ákos Buzsáky,QPR,2011-2012,18,10,900.0,10.0,2,2,4,2,0,0,0,0,0.4
Yohan Cabaye,Newcastle Utd,2011-2012,34,34,,31.3,4,6,10,4,0,0,6,0,0.32
Gary Cahill,Bolton,2011-2012,19,19,,18.2,2,0,2,2,0,0,2,1,0.11
Gary Cahill,Chelsea,2011-2012,10,9,856.0,9.5,1,0,1,1,0,0,2,0,0.11
Tim Cahill,Everton,2011-2012,35,27,,26.1,2,2,4,2,0,0,5,0,0.15
Gary Caldwell,Wigan Athletic,2011-2012,36,36,,35.8,3,0,3,3,0,0,9,1,0.08
DJ Campbell,QPR,2011-2012,11,2,328.0,3.6,1,0,1,1,0,0,0,0,0.27
Fraizer Campbell,Sunderland,2011-2012,12,6,638.0,7.1,1,1,2,1,0,0,3,0,0.28
Jamie Carragher,Liverpool,2011-2012,21,19,,19.2,0,0,0,0,0,0,1,0,0.0
Michael Carrick,Manchester Utd,2011-2012,30,27,,27.8,2,3,5,2,0,0,4,0,0.18
Andy Carroll,Liverpool,2011-2012,35,21,,23.0,4,2,6,4,0,0,5,0,0.26
Samir Carruthers,Aston Villa,2011-2012,3,0,22.0,0.2,0,0,0,0,0,0,1,0,0.0
Lee Cattermole,Sunderland,2011-2012,23,23,,21.5,0,0,0,0,0,0,10,0,0.0
Steven Caulker,Swansea City,2011-2012,26,26,,26.0,0,1,1,0,0,0,2,0,0.04
Petr Čech,Chelsea,2011-2012,34,34,,34.0,0,0,0,0,0,0,0,0,0.0
Radek Černý,QPR,2011-2012,5,5,450.0,5.0,0,0,0,0,0,0,0,0,0.0
Marouane Chamakh,Arsenal,2011-2012,11,1,180.0,2.0,1,0,1,1,0,0,0,0,0.5
Park Chu-young,Arsenal,2011-2012,1,0,8.0,0.1,0,0,0,0,0,0,0,0,0.0
Lee Chung-yong,Bolton,2011-2012,2,0,20.0,0.2,0,0,0,0,0,0,0,0,0.0
Djibril Cissé,QPR,2011-2012,8,7,535.0,5.9,6,0,6,6,0,0,0,2,1.01
Papiss Cissé,Newcastle Utd,2011-2012,14,13,,12.3,13,1,14,13,0,0,1,0,1.14
Ciaran Clark,Aston Villa,2011-2012,15,13,,12.7,1,2,3,1,0,0,3,0,0.24
Tom Cleverley,Manchester Utd,2011-2012,10,5,450.0,5.0,0,1,1,0,0,0,0,0,0.2
Gaël Clichy,Manchester City,2011-2012,28,28,,27.6,0,4,4,0,0,0,3,1,0.14
Sebastián Coates,Liverpool,2011-2012,7,4,487.0,5.4,1,0,1,1,0,0,1,0,0.18
Jack Colback,Sunderland,2011-2012,35,29,,29.7,1,1,2,1,0,0,3,0,0.07
Ashley Cole,Chelsea,2011-2012,32,31,,30.9,0,6,6,0,0,0,9,1,0.19
Séamus Coleman,Everton,2011-2012,18,14,,12.5,0,0,0,0,0,0,2,0,0.0
James Collins,Aston Villa,2011-2012,32,31,,30.9,1,0,1,1,0,0,7,0,0.03
Fabricio Coloccini,Newcastle Utd,2011-2012,35,35,,33.8,0,0,0,0,0,0,2,0,0.0
Matthew Connolly,QPR,2011-2012,6,5,489.0,5.4,0,0,0,0,0,0,0,0,0.0
Francis Coquelin,Arsenal,2011-2012,10,6,634.0,7.0,0,1,1,0,0,0,2,0,0.14
Vedran Ćorluka,Tottenham,2011-2012,3,1,136.0,1.5,0,0,0,0,0,0,0,0,0.0
Simon Cox,West Brom,2011-2012,18,7,766.0,8.5,0,1,1,0,0,0,2,0,0.12
Jody Craddock,Wolves,2011-2012,1,1,73.0,0.8,0,0,0,0,0,0,0,0,0.0
Andrew Crofts,Norwich City,2011-2012,24,13,,14.3,0,1,1,0,0,0,3,0,0.07
Peter Crouch,Stoke City,2011-2012,32,31,,29.8,10,2,12,10,0,0,2,0,0.4
Peter Crouch,Tottenham,2011-2012,1,1,90.0,1.0,0,0,0,0,0,0,0,0,0.0
Albert Crusat,Wigan Athletic,2011-2012,15,4,493.0,5.5,1,0,1,1,0,0,1,0,0.18
Carlos Cuéllar,Aston Villa,2011-2012,18,17,,16.6,0,1,1,0,0,0,2,0,0.06
Scott Dann,Blackburn,2011-2012,27,27,,26.7,1,1,2,1,0,1,2,0,0.07
Kevin Davies,Bolton,2011-2012,31,21,,20.7,6,2,8,6,0,1,3,0,0.39
Mark Davies,Bolton,2011-2012,35,29,,30.6,4,0,4,4,0,0,4,0,0.13
Simon Davies,Fulham,2011-2012,6,3,302.0,3.4,0,0,0,0,0,0,0,0,0.0
David Davis,Wolves,2011-2012,7,6,396.0,4.4,0,0,0,0,0,0,0,0,0.0
Craig Dawson,West Brom,2011-2012,8,6,542.0,6.0,0,0,0,0,0,0,0,0,0.0
Michael Dawson,Tottenham,2011-2012,7,6,549.0,6.1,0,0,0,0,0,0,1,0,0.0
Ritchie De Laet,Norwich City,2011-2012,6,6,480.0,5.3,1,0,1,1,0,0,1,0,0.19
Jermain Defoe,Tottenham,2011-2012,25,11,,14.5,11,1,12,11,0,0,2,0,0.83
Rory Delap,Stoke City,2011-2012,26,18,,16.9,2,0,2,2,0,0,4,0,0.12
Nathan Delfouneso,Aston Villa,2011-2012,6,1,163.0,1.8,0,0,0,0,0,0,0,0,0.0
Fabian Delph,Aston Villa,2011-2012,11,10,848.0,9.4,0,0,0,0,0,0,3,0,0.0
Mousa Dembélé,Fulham,2011-2012,36,33,,32.6,2,2,4,2,0,0,6,0,0.12
Clint Dempsey,Fulham,2011-2012,37,37,,36.9,17,6,23,17,0,1,2,0,0.62
Rafael van der Vaart,Tottenham,2011-2012,33,28,,25.7,11,7,18,10,1,1,3,0,0.66
Shaun Derry,QPR,2011-2012,29,28,,24.7,1,0,1,1,0,0,4,1,0.04
Franco Di Santo,Wigan Athletic,2011-2012,32,24,,22.5,7,1,8,7,0,0,4,0,0.36
Abou Diaby,Arsenal,2011-2012,4,0,94.0,1.0,0,0,0,0,0,0,1,0,0.0
Samba Diakité,QPR,2011-2012,9,9,672.0,7.5,1,0,1,1,0,0,7,1,0.13
Mohamed Diamé,Wigan Athletic,2011-2012,26,18,,17.8,3,0,3,3,0,0,4,0,0.17
Salif Diao,Stoke City,2011-2012,6,2,121.0,1.3,0,0,0,0,0,0,1,0,0.0
Mahamadou Diarra,Fulham,2011-2012,11,8,749.0,8.3,1,1,2,1,0,0,1,0,0.24
Sylvain Distin,Everton,2011-2012,27,24,,24.6,0,1,1,0,0,0,4,0,0.04
Johan Djourou,Arsenal,2011-2012,18,14,,12.9,0,1,1,0,0,0,5,1,0.08
Stephen Dobbie,Swansea City,2011-2012,8,2,262.0,2.9,0,0,0,0,0,0,0,0,0.0
Matt Doherty,Wolves,2011-2012,1,0,45.0,0.5,0,0,0,0,0,0,0,0,0.0
Ji Dong-won,Sunderland,2011-2012,19,2,453.0,5.0,2,2,4,2,0,0,1,0,0.79
Doni,Liverpool,2011-2012,4,4,295.0,3.3,0,0,0,0,0,0,0,1,0.0
Landon Donovan,Everton,2011-2012,7,7,630.0,7.0,0,3,3,0,0,0,1,0,0.43
Graham Dorrans,West Brom,2011-2012,31,16,,16.9,3,2,5,3,0,0,4,0,0.3
Giovani dos Santos,Tottenham,2011-2012,7,0,58.0,0.6,0,0,0,0,0,0,0,0,0.0
Stewart Downing,Liverpool,2011-2012,36,28,,27.5,0,0,0,0,0,1,1,0,0.0
Kevin Doyle,Wolves,2011-2012,33,26,,26.1,4,7,11,4,0,1,4,0,0.42
Royston Drenthe,Everton,2011-2012,21,10,,11.6,3,5,8,3,0,0,5,0,0.69
Didier Drogba,Chelsea,2011-2012,24,16,,16.4,5,1,6,4,1,1,1,1,0.3
Adam Drury,Norwich City,2011-2012,12,12,901.0,10.0,0,0,0,0,0,0,2,0,0.0
Damien Duff,Fulham,2011-2012,28,23,,23.5,2,3,5,2,0,0,2,0,0.21
Shane Duffy,Everton,2011-2012,4,2,213.0,2.4,0,0,0,0,0,0,0,0,0.0
David Dunn,Blackburn,2011-2012,26,21,,17.8,2,1,3,2,0,0,5,1,0.17
Richard Dunne,Aston Villa,2011-2012,28,28,,28.0,1,0,1,1,0,0,7,0,0.04
Kieron Dyer,QPR,2011-2012,1,1,6.0,0.1,0,0,0,0,0,0,0,0,0.0
Nathan Dyer,Swansea City,2011-2012,34,29,,26.2,5,2,7,5,0,0,1,1,0.27
Edin Džeko,Manchester City,2011-2012,30,16,,16.8,14,3,17,14,0,0,1,0,1.01
Chris Eagles,Bolton,2011-2012,34,26,,25.4,4,6,10,4,0,0,1,0,0.39
Sylvan Ebanks-Blake,Wolves,2011-2012,23,8,,11.4,1,3,4,1,0,0,1,0,0.35
David Edwards,Wolves,2011-2012,26,24,,21.4,3,1,4,3,0,0,2,0,0.19
Ahmed Elmohamady,Sunderland,2011-2012,18,7,785.0,8.7,1,1,2,1,0,0,0,0,0.23
George Elokobi,Wolves,2011-2012,9,3,298.0,3.3,0,0,0,0,0,0,0,0,0.0
Brett Emerton,Blackburn,2011-2012,2,2,135.0,1.5,0,0,0,0,0,0,1,0,0.0
José Enrique,Liverpool,2011-2012,35,33,,33.3,0,2,2,0,0,0,2,0,0.06
Hogan Ephraim,QPR,2011-2012,2,0,43.0,0.5,0,0,0,0,0,0,0,0,0.0
Michael Essien,Chelsea,2011-2012,14,10,919.0,10.2,0,1,1,0,0,0,3,0,0.1
Matthew Etherington,Stoke City,2011-2012,30,30,,26.2,3,7,10,3,0,0,1,0,0.38
Dickson Etuhu,Fulham,2011-2012,22,9,910.0,10.1,0,0,0,0,0,0,4,0,0.0
Jonny Evans,Manchester Utd,2011-2012,29,28,,26.9,1,3,4,1,0,0,6,1,0.15
Patrice Evra,Manchester Utd,2011-2012,37,37,,35.9,0,4,4,0,0,0,6,0,0.11
Fábio,Manchester Utd,2011-2012,5,2,248.0,2.8,0,0,0,0,0,0,1,0,0.0
Alejandro Faurlín,QPR,2011-2012,20,20,,20.0,1,0,1,1,0,0,3,0,0.05
Marouane Fellaini,Everton,2011-2012,34,31,,31.7,3,4,7,3,0,0,6,0,0.22
Anton Ferdinand,Sunderland,2011-2012,3,3,270.0,3.0,0,0,0,0,0,0,0,0,0.0
Anton Ferdinand,QPR,2011-2012,31,31,,30.5,0,2,2,0,0,0,2,0,0.07
Rio Ferdinand,Manchester Utd,2011-2012,30,29,,28.5,0,0,0,0,0,0,4,0,0.0
Shane Ferguson,Newcastle Utd,2011-2012,7,0,160.0,1.8,0,0,0,0,0,0,1,0,0.0
Paulo Ferreira,Chelsea,2011-2012,6,3,369.0,4.1,0,0,0,0,0,0,1,0,0.0
Maynor Figueroa,Wigan Athletic,2011-2012,38,37,,37.2,0,0,0,0,0,0,6,0,0.0
Jon Flanagan,Liverpool,2011-2012,5,5,385.0,4.3,0,0,0,0,0,0,2,0,0.0
Darren Fletcher,Manchester Utd,2011-2012,8,7,644.0,7.2,1,1,2,1,0,0,1,0,0.28
Steven Fletcher,Wolves,2011-2012,32,26,,26.1,12,2,14,12,0,0,2,0,0.54
Kevin Foley,Wolves,2011-2012,16,11,,11.9,0,0,0,0,0,0,0,0,0.0
Anthony Forde,Wolves,2011-2012,6,3,244.0,2.7,0,0,0,0,0,0,0,0,0.0
Mauro Formica,Blackburn,2011-2012,34,25,,24.1,4,1,5,4,0,1,3,0,0.21
Marc-Antoine Fortuné,West Brom,2011-2012,17,12,,12.3,2,1,3,2,0,0,0,0,0.24
Ben Foster,West Brom,2011-2012,37,37,,37.0,0,0,0,0,0,0,0,0,0.0
David Fox,Norwich City,2011-2012,28,23,,21.5,0,3,3,0,0,0,3,0,0.14
Kerim Frei,Fulham,2011-2012,16,6,680.0,7.6,0,0,0,0,0,0,1,0,0.0
Brad Friedel,Tottenham,2011-2012,38,38,,38.0,0,0,0,0,0,0,0,0,0.0
Emmanuel Frimpong,Arsenal,2011-2012,6,3,217.0,2.4,0,0,0,0,0,0,2,1,0.0
Emmanuel Frimpong,Wolves,2011-2012,5,5,287.0,3.2,0,1,1,0,0,0,1,0,0.31
Zeki Fryers,Manchester Utd,2011-2012,2,0,69.0,0.8,0,0,0,0,0,0,0,0,0.0
Ricardo Fuller,Stoke City,2011-2012,13,3,359.0,4.0,0,0,0,0,0,0,2,1,0.0
Márton Fülöp,West Brom,2011-2012,1,1,90.0,1.0,0,0,0,0,0,0,0,0,0.0
Danny Gabbidon,QPR,2011-2012,17,15,,15.8,0,0,0,0,0,0,1,0,0.0
William Gallas,Tottenham,2011-2012,15,15,,14.7,0,0,0,0,0,0,1,0,0.0
Morten Gamst Pedersen,Blackburn,2011-2012,33,33,,31.4,3,4,7,3,0,0,6,0,0.22
Craig Gardner,Sunderland,2011-2012,30,22,,23.5,3,0,3,3,0,0,6,1,0.13
Gary Gardner,Aston Villa,2011-2012,14,5,612.0,6.8,0,0,0,0,0,0,1,0,0.0
Ricardo Gardner,Bolton,2011-2012,4,2,161.0,1.8,0,0,0,0,0,0,2,1,0.0
David de Gea,Manchester Utd,2011-2012,29,29,,29.0,0,0,0,0,0,0,0,0,0.0
Marcel Gecov,Fulham,2011-2012,2,0,7.0,0.1,0,0,0,0,0,0,0,0,0.0
Zoltán Gera,West Brom,2011-2012,3,3,172.0,1.9,0,1,1,0,0,0,0,0,0.52
Steven Gerrard,Liverpool,2011-2012,18,12,,13.5,5,2,7,5,0,0,0,0,0.52
Gervinho,Arsenal,2011-2012,28,19,,18.7,4,6,10,4,0,0,0,1,0.54
Kieran Gibbs,Arsenal,2011-2012,16,15,,13.9,1,0,1,1,0,0,1,0,0.07
Darron Gibson,Manchester Utd,2011-2012,1,1,90.0,1.0,0,1,1,0,0,0,0,0,1.0
Darron Gibson,Everton,2011-2012,11,11,925.0,10.3,1,1,2,1,0,0,0,0,0.19
Ryan Giggs,Manchester Utd,2011-2012,25,14,,16.4,2,8,10,2,0,0,3,0,0.61
Shay Given,Aston Villa,2011-2012,32,32,,31.4,0,0,0,0,0,0,1,0,0.0
Gaël Givet,Blackburn,2011-2012,22,21,,19.4,0,1,1,0,0,0,2,1,0.05
Steve Gohouri,Wigan Athletic,2011-2012,10,8,685.0,7.6,0,0,0,0,0,0,4,1,0.0
Jordi Gómez,Wigan Athletic,2011-2012,28,24,,19.9,5,0,5,3,2,2,4,0,0.15
David Goodwillie,Blackburn,2011-2012,20,4,611.0,6.8,2,0,2,2,0,0,0,0,0.29
Craig Gordon,Sunderland,2011-2012,1,1,90.0,1.0,0,0,0,0,0,0,0,0,0.0
Johnny Gorman,Wolves,2011-2012,1,0,2.0,0.0,0,0,0,0,0,0,0,0,0.0
Dan Gosling,Newcastle Utd,2011-2012,12,1,247.0,2.7,1,0,1,1,0,0,2,1,0.36
Mark Gower,Swansea City,2011-2012,20,14,,12.5,0,5,5,0,0,0,2,0,0.4
Danny Graham,Swansea City,2011-2012,36,32,,31.5,12,2,14,11,1,1,0,0,0.41
Vince Grella,Blackburn,2011-2012,1,0,12.0,0.1,0,0,0,0,0,0,0,0,0.0
Zdeněk Grygera,Fulham,2011-2012,5,5,404.0,4.5,0,0,0,0,0,0,2,0,0.0
Adlène Guedioura,Wolves,2011-2012,10,2,301.0,3.3,0,0,0,0,0,0,2,0,0.0
Magaye Gueye,Everton,2011-2012,17,3,550.0,6.1,1,2,3,1,0,0,1,0,0.49
Danny Guthrie,Newcastle Utd,2011-2012,16,13,,12.5,1,0,1,1,0,0,3,0,0.08
Jonás Gutiérrez,Newcastle Utd,2011-2012,37,37,,36.7,2,3,5,2,0,0,6,1,0.14
Brad Guzan,Aston Villa,2011-2012,7,6,593.0,6.6,0,0,0,0,0,0,0,0,0.0
Asamoah Gyan,Sunderland,2011-2012,3,3,230.0,2.6,0,0,0,0,0,0,0,0,0.0
Ali Al-Habsi,Wigan Athletic,2011-2012,38,38,,38.0,0,0,0,0,0,0,1,0,0.0
Fitz Hall,QPR,2011-2012,14,11,922.0,10.2,0,0,0,0,0,0,3,0,0.0
Adam Hammill,Wolves,2011-2012,9,3,349.0,3.9,0,1,1,0,0,0,2,0,0.26
Brede Hangeland,Fulham,2011-2012,38,38,,38.0,0,0,0,0,0,0,7,0,0.0
Grant Hanley,Blackburn,2011-2012,23,19,,20.3,1,0,1,1,0,0,6,0,0.05
Owen Hargreaves,Manchester City,2011-2012,1,0,14.0,0.2,0,0,0,0,0,0,0,0,0.0
Michael Harriman,QPR,2011-2012,1,0,30.0,0.3,0,0,0,0,0,0,0,0,0.0
Joe Hart,Manchester City,2011-2012,38,38,,38.0,0,0,0,0,0,0,0,0,0.0
John Heitinga,Everton,2011-2012,30,29,,28.2,1,0,1,1,0,0,4,0,0.04
Heiðar Helguson,QPR,2011-2012,16,13,,12.8,8,2,10,6,2,2,2,0,0.62
Jordan Henderson,Liverpool,2011-2012,37,31,,29.5,2,1,3,2,0,0,3,0,0.1
Adam Henley,Blackburn,2011-2012,7,4,471.0,5.2,0,0,0,0,0,0,0,0,0.0
Wayne Hennessey,Wolves,2011-2012,34,34,,34.0,0,0,0,0,0,0,1,0,0.0
Karl Henry,Wolves,2011-2012,31,30,,28.7,0,0,0,0,0,0,7,1,0.0
Thierry Henry,Arsenal,2011-2012,4,0,98.0,1.1,1,0,1,1,0,0,0,0,0.92
Chris Herd,Aston Villa,2011-2012,19,19,,16.3,1,0,1,1,0,0,2,1,0.06
Javier Hernández,Manchester Utd,2011-2012,28,18,,16.4,10,2,12,9,1,1,0,0,0.67
Emile Heskey,Aston Villa,2011-2012,28,18,,16.2,1,0,1,1,0,0,3,0,0.06
Tony Hibbert,Everton,2011-2012,32,31,,30.6,0,3,3,0,0,0,1,0,0.1
Danny Higginbotham,Stoke City,2011-2012,2,1,113.0,1.3,0,0,0,0,0,0,0,0,0.0
Henrique Hilário,Chelsea,2011-2012,2,2,180.0,2.0,0,0,0,0,0,0,0,0,0.0
Clint Hill,QPR,2011-2012,22,19,,19.0,0,2,2,0,0,0,4,1,0.11
Junior Hoilett,Blackburn,2011-2012,34,34,,32.8,7,5,12,7,0,1,5,0,0.37
Grant Holt,Norwich City,2011-2012,36,24,,25.0,15,2,17,13,2,2,8,1,0.6
Wes Hoolahan,Norwich City,2011-2012,33,25,,25.3,4,7,11,4,0,0,4,0,0.44
Tim Howard,Everton,2011-2012,38,38,,38.0,1,0,1,1,0,0,1,0,0.03
Jonny Howson,Norwich City,2011-2012,11,11,945.0,10.5,1,1,2,1,0,0,3,0,0.19
Tom Huddlestone,Tottenham,2011-2012,2,0,62.0,0.7,0,0,0,0,0,0,0,0,0.0
Aaron Hughes,Fulham,2011-2012,19,18,,17.2,0,0,0,0,0,0,0,0,0.0
Robert Hulse,QPR,2011-2012,2,1,70.0,0.8,0,0,0,0,0,0,0,0,0.0
Stephen Hunt,Wolves,2011-2012,24,16,,15.4,3,1,4,0,3,3,5,0,0.06
Sam Hutchinson,Chelsea,2011-2012,2,1,78.0,0.9,0,0,0,0,0,0,0,0,0.0
Robert Huth,Stoke City,2011-2012,34,31,,31.5,3,0,3,3,0,0,5,1,0.1
Alan Hutton,Aston Villa,2011-2012,31,29,,28.8,0,2,2,0,0,0,7,1,0.07
Carl Ikeme,Wolves,2011-2012,1,0,40.0,0.4,0,0,0,0,0,0,0,0,0.0
Stephen Ireland,Aston Villa,2011-2012,24,19,,17.7,1,3,4,1,0,0,2,0,0.23
Branislav Ivanović,Chelsea,2011-2012,29,26,,25.2,3,1,4,3,0,0,6,0,0.16
Jussi Jääskeläinen,Bolton,2011-2012,18,18,,18.0,0,0,0,0,0,0,1,0,0.0
Simeon Jackson,Norwich City,2011-2012,22,10,945.0,10.5,3,2,5,3,0,0,1,0,0.48
Phil Jagielka,Everton,2011-2012,30,29,,28.6,2,1,3,2,0,0,2,0,0.11
Gonzalo Jara,West Brom,2011-2012,4,1,163.0,1.8,0,0,0,0,0,0,0,0,0.0
Matthew Jarvis,Wolves,2011-2012,37,31,,31.2,8,4,12,8,0,0,0,0,0.38
Nikica Jelavić,Everton,2011-2012,13,10,954.0,10.6,9,1,10,8,1,1,1,0,0.85
Jermaine Jenas,Aston Villa,2011-2012,3,1,108.0,1.2,0,0,0,0,0,0,0,0,0.0
Carl Jenkinson,Arsenal,2011-2012,9,5,499.0,5.5,0,1,1,0,0,0,2,1,0.18
Cameron Jerome,Stoke City,2011-2012,23,7,848.0,9.4,4,1,5,4,0,0,0,0,0.53
Park Ji-sung,Manchester Utd,2011-2012,17,10,932.0,10.4,2,1,3,2,0,0,0,0,0.29
Adam Johnson,Manchester City,2011-2012,26,10,,12.7,6,2,8,6,0,0,1,0,0.63
Andrew Johnson,Fulham,2011-2012,20,13,,13.9,3,1,4,3,0,0,1,0,0.29
Bradley Johnson,Norwich City,2011-2012,28,25,,23.4,2,5,7,2,0,0,2,0,0.3
Glen Johnson,Liverpool,2011-2012,23,22,,21.7,1,0,1,1,0,0,2,0,0.05
Roger Johnson,Wolves,2011-2012,27,26,,26.2,0,1,1,0,0,0,6,0,0.04
Billy Jones,West Brom,2011-2012,18,17,,17.9,0,1,1,0,0,0,4,0,0.06
Brad Jones,Liverpool,2011-2012,1,0,65.0,0.7,0,0,0,0,0,0,1,0,0.0
David Jones,Wigan Athletic,2011-2012,16,13,,12.9,0,1,1,0,0,0,2,0,0.08
Kenwyne Jones,Stoke City,2011-2012,21,10,980.0,10.9,1,0,1,1,0,0,0,0,0.09
Phil Jones,Manchester Utd,2011-2012,29,25,,23.6,1,2,3,1,0,0,6,0,0.13
Nigel de Jong,Manchester City,2011-2012,21,11,,12.0,0,0,0,0,0,0,5,0,0.0
Eggert Jónsson,Wolves,2011-2012,3,2,172.0,1.9,0,0,0,0,0,0,1,0,0.0
Younès Kaboul,Tottenham,2011-2012,33,33,,32.2,1,0,1,1,0,0,4,1,0.03
Alexander Kačaniklić,Fulham,2011-2012,4,2,203.0,2.3,0,0,0,0,0,0,0,0,0.0
Gaël Kakuta,Bolton,2011-2012,4,0,72.0,0.8,0,0,0,0,0,0,0,0,0.0
Salomon Kalou,Chelsea,2011-2012,12,7,574.0,6.4,1,1,2,1,0,0,0,0,0.31
Pajtim Kasami,Fulham,2011-2012,7,3,268.0,3.0,0,0,0,0,0,0,0,0,0.0
Jake Kean,Blackburn,2011-2012,1,1,90.0,1.0,0,0,0,0,0,0,0,0,0.0
Robbie Keane,Aston Villa,2011-2012,6,5,459.0,5.1,3,0,3,3,0,0,0,0,0.59
Will Keane,Manchester Utd,2011-2012,1,0,6.0,0.1,0,0,0,0,0,0,0,0,0.0
Martin Kelly,Liverpool,2011-2012,12,12,962.0,10.7,0,0,0,0,0,0,1,0,0.0
Stephen Kelly,Fulham,2011-2012,24,21,,22.5,0,0,0,0,0,0,0,0,0.0
Paddy Kenny,QPR,2011-2012,33,33,,33.0,0,0,0,0,0,0,0,0,0.0
Michael Kightly,Wolves,2011-2012,18,14,,13.2,3,1,4,3,0,0,3,0,0.3
Matthew Kilgallon,Sunderland,2011-2012,10,9,790.0,8.8,0,0,0,0,0,0,0,0,0.0
Ledley King,Tottenham,2011-2012,21,21,,19.9,0,0,0,0,0,0,0,0,0.0
Ivan Klasnić,Bolton,2011-2012,29,16,,16.7,8,4,12,7,1,1,3,1,0.66
Zat Knight,Bolton,2011-2012,25,21,,22.0,0,0,0,0,0,0,1,0,0.0
Aleksandar Kolarov,Manchester City,2011-2012,12,9,823.0,9.1,2,4,6,2,0,0,1,0,0.66
Vincent Kompany,Manchester City,2011-2012,31,31,,30.8,3,1,4,3,0,0,5,1,0.13
Laurent Koscielny,Arsenal,2011-2012,33,33,,31.9,2,1,3,2,0,0,8,0,0.09
Niko Kranjčar,Tottenham,2011-2012,12,9,640.0,7.1,1,1,2,1,0,0,0,0,0.28
Tim Krul,Newcastle Utd,2011-2012,38,38,,38.0,0,0,0,0,0,0,4,0,0.0
Dirk Kuyt,Liverpool,2011-2012,34,22,,22.3,2,1,3,2,0,0,3,0,0.13
Sotirios Kyrgiakos,Sunderland,2011-2012,3,2,190.0,2.1,0,0,0,0,0,0,1,0,0.0
Frank Lampard,Chelsea,2011-2012,30,26,,25.0,11,5,16,8,3,4,5,0,0.52
Cameron Lancaster,Tottenham,2011-2012,1,0,13.0,0.1,0,0,0,0,0,0,0,0,0.0
Henri Lansbury,Arsenal,2011-2012,2,0,28.0,0.3,0,0,0,0,0,0,1,0,0.0
Simon Lappin,Norwich City,2011-2012,4,4,290.0,3.2,0,0,0,0,0,0,0,0,0.0
Sebastian Larsson,Sunderland,2011-2012,32,32,,29.9,7,2,9,7,0,1,7,0,0.3
Lucas Leiva,Liverpool,2011-2012,12,12,,11.6,0,0,0,0,0,0,5,0,0.0
Aaron Lennon,Tottenham,2011-2012,23,19,,17.5,3,5,8,3,0,0,1,0,0.46
Joleon Lescott,Manchester City,2011-2012,31,30,,29.8,2,1,3,2,0,0,1,0,0.1
Eric Lichaj,Aston Villa,2011-2012,10,9,823.0,9.1,1,1,2,1,0,0,3,0,0.22
Anders Lindegaard,Manchester Utd,2011-2012,8,8,720.0,8.0,0,0,0,0,0,0,0,0,0.0
Leroy Lita,Swansea City,2011-2012,16,4,466.0,5.2,2,1,3,2,0,0,1,0,0.58
Jake Livermore,Tottenham,2011-2012,24,7,854.0,9.5,0,1,1,0,0,0,1,0,0.11
Shane Long,West Brom,2011-2012,32,24,,24.3,8,1,9,7,1,1,2,0,0.33
Adrián López,Wigan Athletic,2011-2012,5,5,441.0,4.9,0,0,0,0,0,0,2,0,0.0
Jason Lowe,Blackburn,2011-2012,32,30,,29.7,0,1,1,0,0,0,10,0,0.03
David Luiz,Chelsea,2011-2012,20,18,,18.3,2,1,3,2,0,0,5,0,0.16
Romelu Lukaku,Chelsea,2011-2012,8,1,165.0,1.8,0,1,1,0,0,0,0,0,0.55
Peter Løvenkrands,Newcastle Utd,2011-2012,9,2,209.0,2.3,0,1,1,0,0,0,0,0,0.43
Federico Macheda,Manchester Utd,2011-2012,3,0,48.0,0.5,0,0,0,0,0,0,0,0,0.0
Federico Macheda,QPR,2011-2012,3,0,36.0,0.4,0,0,0,0,0,0,1,0,0.0
Jamie Mackie,QPR,2011-2012,31,24,,24.3,7,2,9,7,0,0,2,0,0.37
Stefan Maierhofer,Wolves,2011-2012,1,0,1.0,0.0,0,0,0,0,0,0,0,0,0.0
Shaun Maloney,Wigan Athletic,2011-2012,13,8,772.0,8.6,3,2,5,2,1,1,1,0,0.47
Florent Malouda,Chelsea,2011-2012,26,11,,12.9,2,3,5,2,0,0,3,0,0.39
Chris Martin,Norwich City,2011-2012,4,3,238.0,2.6,0,0,0,0,0,0,0,0,0.0
Russell Martin,Norwich City,2011-2012,33,30,,31.7,2,1,3,2,0,0,1,0,0.09
Sylvain Marveaux,Newcastle Utd,2011-2012,7,1,141.0,1.6,0,1,1,0,0,0,0,0,0.64
Juan Mata,Chelsea,2011-2012,34,29,,27.9,6,13,19,6,0,0,2,0,0.68
Conor McAleny,Everton,2011-2012,2,0,18.0,0.2,0,0,0,0,0,0,0,0,0.0
James McArthur,Wigan Athletic,2011-2012,31,18,,19.7,3,1,4,3,0,0,4,0,0.2
Gareth McAuley,West Brom,2011-2012,32,32,,32.0,2,0,2,2,0,0,0,0,0.06
James McCarthy,Wigan Athletic,2011-2012,33,33,,32.0,0,1,1,0,0,0,7,0,0.03
James McClean,Sunderland,2011-2012,23,20,,20.5,5,2,7,5,0,0,2,0,0.34
Josh McEachran,Chelsea,2011-2012,2,0,16.0,0.2,0,0,0,0,0,0,0,0,0.0
Josh McEachran,Swansea City,2011-2012,4,1,127.0,1.4,0,0,0,0,0,0,0,0,0.0
James McFadden,Everton,2011-2012,7,2,169.0,1.9,0,0,0,0,0,0,0,0,0.0
Callum McManaman,Wigan Athletic,2011-2012,2,0,21.0,0.2,0,0,0,0,0,0,1,0,0.0
Tyrone Mears,Bolton,2011-2012,1,1,90.0,1.0,0,0,0,0,0,0,0,0,0.0
Raul Meireles,Liverpool,2011-2012,2,0,36.0,0.4,0,1,1,0,0,0,0,0,2.5
Raul Meireles,Chelsea,2011-2012,28,23,,21.4,2,3,5,2,0,0,8,0,0.23
Per Mertesacker,Arsenal,2011-2012,21,21,,20.3,0,0,0,0,0,0,2,0,0.0
David Meyler,Sunderland,2011-2012,7,1,164.0,1.8,0,0,0,0,0,0,0,0,0.0
Simon Mignolet,Sunderland,2011-2012,29,29,,28.6,0,0,0,0,0,0,0,0,0.0
Nenad Milijaš,Wolves,2011-2012,20,6,736.0,8.2,0,1,1,0,0,0,1,1,0.12
James Milner,Manchester City,2011-2012,26,17,,17.6,3,5,8,2,1,1,3,0,0.4
Ignasi Miquel,Arsenal,2011-2012,4,1,219.0,2.4,0,0,0,0,0,0,0,0,0.0
Ryo Miyaichi,Bolton,2011-2012,12,8,683.0,7.6,0,2,2,0,0,0,0,0,0.26
Anthony Modeste,Blackburn,2011-2012,9,3,392.0,4.4,0,0,0,0,0,0,1,1,0.0
Luka Modrić,Tottenham,2011-2012,36,36,,35.7,4,4,8,4,0,0,2,0,0.22
Garry Monk,Swansea City,2011-2012,16,14,,14.1,0,0,0,0,0,0,3,0,0.0
Luke Moore,Swansea City,2011-2012,20,3,532.0,5.9,2,0,2,2,0,0,1,0,0.34
Vangelis Moras,Swansea City,2011-2012,1,0,5.0,0.1,0,0,0,0,0,0,0,0,0.0
Steve Morison,Norwich City,2011-2012,34,22,,23.4,9,4,13,9,0,0,1,0,0.56
Josh Morris,Blackburn,2011-2012,2,0,81.0,0.9,0,0,0,0,0,0,0,0,0.0
James Morrison,West Brom,2011-2012,30,23,,23.8,5,5,10,5,0,0,1,0,0.42
Victor Moses,Wigan Athletic,2011-2012,38,36,,35.7,6,1,7,6,0,0,4,0,0.2
Fabrice Muamba,Bolton,2011-2012,20,18,,14.7,1,1,2,1,0,0,2,0,0.14
Youssouf Mulumbu,West Brom,2011-2012,35,34,,31.0,1,4,5,1,0,0,5,0,0.16
Danny Murphy,Fulham,2011-2012,36,33,,30.3,3,5,8,1,2,2,7,0,0.2
David N'Gog,Bolton,2011-2012,33,24,,22.6,3,4,7,3,0,0,2,0,0.31
Charles N'Zogbia,Aston Villa,2011-2012,30,24,,23.0,2,4,6,2,0,0,4,0,0.26
Nani,Manchester Utd,2011-2012,29,24,,23.4,8,10,18,8,0,0,2,0,0.77
Samir Nasri,Arsenal,2011-2012,1,1,90.0,1.0,0,0,0,0,0,0,0,0,0.0
Samir Nasri,Manchester City,2011-2012,30,26,,24.0,5,9,14,5,0,0,2,0,0.58
Kyle Naughton,Norwich City,2011-2012,32,29,,30.0,0,1,1,0,0,0,7,0,0.03
Ryan Nelsen,Tottenham,2011-2012,5,0,116.0,1.3,0,0,0,0,0,0,0,0,0.0
Ryan Nelsen,Blackburn,2011-2012,1,1,90.0,1.0,0,0,0,0,0,0,0,0,0.0
Phil Neville,Everton,2011-2012,27,24,,22.9,0,0,0,0,0,0,3,0,0.0
Ryan Noble,Sunderland,2011-2012,2,0,7.0,0.1,0,0,0,0,0,0,0,0,0.0
Steven Nzonzi,Blackburn,2011-2012,32,31,,31.2,2,5,7,2,0,0,7,0,0.22
Jamie O'Hara,Wolves,2011-2012,19,19,,18.4,2,1,3,2,0,0,6,0,0.16
John O'Shea,Sunderland,2011-2012,29,29,,27.1,0,0,0,0,0,0,5,0,0.0
Gabriel Obertan,Newcastle Utd,2011-2012,23,18,,17.2,1,3,4,1,0,0,0,0,0.23
John Obi Mikel,Chelsea,2011-2012,22,15,,14.7,0,0,0,0,0,0,4,0,0.0
Peter Odemwingie,West Brom,2011-2012,30,25,,25.4,10,2,12,10,0,1,2,0,0.47
Jonas Olsson,West Brom,2011-2012,33,33,,32.7,2,2,4,2,0,0,5,1,0.12
Marcus Olsson,Blackburn,2011-2012,12,10,992.0,11.0,0,1,1,0,0,0,1,0,0.09
Martin Olsson,Blackburn,2011-2012,27,23,,24.2,0,2,2,0,0,0,4,1,0.08
Nedum Onuoha,QPR,2011-2012,16,16,,16.0,0,1,1,0,0,0,2,0,0.06
Nedum Onuoha,Manchester City,2011-2012,1,0,10.0,0.1,0,0,0,0,0,0,0,0,0.0
Andrea Orlandi,Swansea City,2011-2012,3,2,119.0,1.3,1,0,1,1,0,0,1,0,0.76
Bradley Orr,QPR,2011-2012,6,2,333.0,3.7,0,0,0,0,0,0,0,0,0.0
Bradley Orr,Blackburn,2011-2012,12,10,956.0,10.6,0,2,2,0,0,0,2,0,0.19
Leon Osman,Everton,2011-2012,30,28,,26.3,5,1,6,5,0,0,3,0,0.23
Michael Owen,Manchester Utd,2011-2012,1,0,80.0,0.9,0,0,0,0,0,0,0,0,0.0
Alex Oxlade-Chamberlain,Arsenal,2011-2012,16,6,562.0,6.2,2,1,3,2,0,0,0,0,0.48
Wilson Palacios,Stoke City,2011-2012,18,9,807.0,9.0,0,0,0,0,0,0,3,0,0.0
Scott Parker,Tottenham,2011-2012,29,28,,27.4,0,1,1,0,0,0,9,1,0.04
Roman Pavlyuchenko,Tottenham,2011-2012,5,0,133.0,1.5,1,0,1,1,0,0,0,0,0.68
Jermaine Pennant,Stoke City,2011-2012,27,18,,18.9,0,6,6,0,0,0,2,0,0.32
James Perch,Newcastle Utd,2011-2012,25,13,,14.9,0,0,0,0,0,0,3,0,0.0
Bruno Perone,QPR,2011-2012,1,1,90.0,1.0,0,0,0,0,0,0,0,0,0.0
Robin van Persie,Arsenal,2011-2012,38,37,,37.0,30,9,39,28,2,3,8,0,1.0
Martin Petrov,Bolton,2011-2012,31,30,,28.5,4,6,10,0,4,4,1,0,0.21
Stiliyan Petrov,Aston Villa,2011-2012,27,26,,25.8,4,2,6,4,0,0,7,0,0.23
Radosav Petrović,Blackburn,2011-2012,19,10,986.0,11.0,0,0,0,0,0,0,4,0,0.0
Steven Pienaar,Tottenham,2011-2012,2,0,17.0,0.2,0,0,0,0,0,0,0,0,0.0
Steven Pienaar,Everton,2011-2012,14,14,,13.7,4,6,10,4,0,0,6,0,0.73
Anthony Pilkington,Norwich City,2011-2012,30,23,,21.9,8,1,9,8,0,0,1,0,0.41
David Pizarro,Manchester City,2011-2012,5,1,165.0,1.8,0,1,1,0,0,0,0,0,0.55
Paul Pogba,Manchester Utd,2011-2012,3,0,71.0,0.8,0,0,0,0,0,0,0,0,0.0
Pavel Pogrebnyak,Fulham,2011-2012,12,12,943.0,10.5,6,0,6,6,0,0,1,0,0.57
Darren Pratley,Bolton,2011-2012,25,14,,14.2,1,0,1,1,0,0,4,0,0.07
Danny Pugh,Stoke City,2011-2012,3,0,104.0,1.2,0,0,0,0,0,0,0,0,0.0
Jason Puncheon,QPR,2011-2012,2,0,18.0,0.2,0,0,0,0,0,0,0,0,0.0
Rafael,Manchester Utd,2011-2012,12,10,911.0,10.1,0,4,4,0,0,0,2,0,0.4
Ramires,Chelsea,2011-2012,30,28,,27.5,5,1,6,5,0,0,4,0,0.22
Aaron Ramsey,Arsenal,2011-2012,34,27,,27.4,2,4,6,2,0,0,3,0,0.22
Àngel Rangel,Swansea City,2011-2012,34,32,,31.9,0,2,2,0,0,0,3,0,0.06
Abdul Razak,Manchester City,2011-2012,1,0,11.0,0.1,0,0,0,0,0,0,0,0,0.0
Tim Ream,Bolton,2011-2012,13,13,,13.0,0,1,1,0,0,0,1,0,0.08
Steven Reid,West Brom,2011-2012,22,21,,19.6,1,2,3,1,0,0,3,0,0.15
Pepe Reina,Liverpool,2011-2012,34,34,,33.9,0,0,0,0,0,0,0,1,0.0
Nigel Reo-Coker,Bolton,2011-2012,37,37,,36.2,3,0,3,3,0,0,7,0,0.08
Jazz Richards,Swansea City,2011-2012,8,6,577.0,6.4,0,0,0,0,0,0,4,0,0.0
Micah Richards,Manchester City,2011-2012,29,23,,22.7,1,5,6,1,0,0,2,0,0.26
Kieran Richardson,Sunderland,2011-2012,29,26,,25.3,2,2,4,2,0,0,5,0,0.16
Sam Ricketts,Bolton,2011-2012,20,20,,20.0,1,1,2,1,0,0,3,0,0.1
Liam Ridgewell,West Brom,2011-2012,13,13,,13.0,1,1,2,1,0,0,2,0,0.15
Joe Riley,Bolton,2011-2012,3,2,201.0,2.2,0,0,0,0,0,0,0,0,0.0
Jason Roberts,Blackburn,2011-2012,10,5,467.0,5.2,0,1,1,0,0,0,2,0,0.19
Paul Robinson,Bolton,2011-2012,17,15,,15.8,0,1,1,0,0,0,4,0,0.06
Paul Robinson,Blackburn,2011-2012,34,34,,34.0,0,0,0,0,0,0,0,0,0.0
Rubén Rochina,Blackburn,2011-2012,18,9,818.0,9.1,2,0,2,2,0,0,2,0,0.22
Hugo Rodallega,Wigan Athletic,2011-2012,23,11,,14.0,2,4,6,2,0,0,1,0,0.43
Maxi Rodríguez,Liverpool,2011-2012,12,10,790.0,8.8,4,1,5,4,0,0,1,0,0.57
Jack Rodwell,Everton,2011-2012,14,11,925.0,10.3,2,1,3,2,0,0,2,1,0.29
Oriol Romeu,Chelsea,2011-2012,16,11,955.0,10.6,0,0,0,0,0,0,2,0,0.0
Wayne Rooney,Manchester Utd,2011-2012,34,32,,31.4,27,4,31,21,6,8,1,0,0.8
Danny Rose,Tottenham,2011-2012,11,3,321.0,3.6,0,0,0,0,0,0,1,1,0.0
Tomáš Rosický,Arsenal,2011-2012,28,19,,19.6,1,4,5,1,0,0,4,0,0.26
Wayne Routledge,Swansea City,2011-2012,28,17,,16.2,1,4,5,1,0,0,2,0,0.31
Declan Rudd,Norwich City,2011-2012,2,1,100.0,1.1,0,0,0,0,0,0,0,0,0.0
John Ruddy,Norwich City,2011-2012,37,37,,36.9,0,0,0,0,0,0,1,1,0.0
Bryan Ruiz,Fulham,2011-2012,27,17,,16.8,2,3,5,2,0,0,0,0,0.3
Orlando Sá,Fulham,2011-2012,7,3,282.0,3.1,1,0,1,1,0,0,0,0,0.32
Bacary Sagna,Arsenal,2011-2012,21,20,,18.9,1,2,3,1,0,0,2,0,0.16
Louis Saha,Tottenham,2011-2012,10,5,400.0,4.4,3,1,4,3,0,0,0,0,0.9
Louis Saha,Everton,2011-2012,18,15,,14.2,1,0,1,1,0,0,0,0,0.07
Míchel Salgado,Blackburn,2011-2012,9,9,652.0,7.2,0,0,0,0,0,0,4,0,0.0
Christopher Samba,Blackburn,2011-2012,16,16,,15.0,2,2,4,2,0,0,2,0,0.27
Conor Sammon,Wigan Athletic,2011-2012,25,8,848.0,9.4,0,0,0,0,0,0,1,1,0.0
Sandro,Tottenham,2011-2012,23,17,,15.7,0,0,0,0,0,0,6,0,0.0
Tuncay Şanlı,Bolton,2011-2012,16,3,395.0,4.4,0,0,0,0,0,0,0,0,0.0
Davide Santon,Newcastle Utd,2011-2012,24,19,,18.5,0,1,1,0,0,0,1,0,0.05
André Santos,Arsenal,2011-2012,15,10,,11.3,2,0,2,2,0,0,2,0,0.18
Stefan Savić,Manchester City,2011-2012,11,5,550.0,6.1,1,0,1,1,0,0,1,0,0.16
Paul Scharner,West Brom,2011-2012,29,18,,17.8,3,2,5,3,0,0,6,0,0.28
Paul Scholes,Manchester Utd,2011-2012,17,14,,12.9,4,0,4,4,0,0,3,0,0.31
Mark Schwarzer,Fulham,2011-2012,30,30,,30.0,0,0,0,0,0,0,1,0,0.0
Philippe Senderos,Fulham,2011-2012,21,21,,20.3,1,1,2,1,0,0,5,0,0.1
Stéphane Sessègnon,Sunderland,2011-2012,36,36,,34.7,7,9,16,7,0,0,3,1,0.46
Ryan Shawcross,Stoke City,2011-2012,36,36,,35.2,2,2,4,2,0,0,8,0,0.11
Jonjo Shelvey,Liverpool,2011-2012,13,8,730.0,8.1,1,0,1,1,0,0,2,0,0.12
Nicky Shorey,West Brom,2011-2012,25,22,,22.4,0,1,1,0,0,0,1,0,0.04
Ryan Shotton,Stoke City,2011-2012,23,14,,15.5,1,1,2,1,0,0,2,0,0.13
Steve Sidwell,Fulham,2011-2012,14,12,,12.0,1,1,2,1,0,0,4,0,0.17
Gylfi Sigurðsson,Swansea City,2011-2012,18,17,,16.6,7,3,10,7,0,0,0,0,0.6
David Silva,Manchester City,2011-2012,36,33,,31.1,6,15,21,6,0,0,0,0,0.68
Danny Simpson,Newcastle Utd,2011-2012,35,35,,34.6,0,0,0,0,0,0,7,0,0.0
Scott Sinclair,Swansea City,2011-2012,38,35,,34.7,8,4,12,4,4,5,1,0,0.23
Martin Škrtel,Liverpool,2011-2012,34,33,,33.3,2,1,3,2,0,0,4,1,0.09
Jordan Slew,Blackburn,2011-2012,1,0,2.0,0.0,0,0,0,0,0,0,0,0,0.0
Chris Smalling,Manchester Utd,2011-2012,19,14,,14.4,1,0,1,1,0,0,1,0,0.07
Adam Smith,Tottenham,2011-2012,1,0,15.0,0.2,0,0,0,0,0,0,0,0,0.0
Alan Smith,Newcastle Utd,2011-2012,2,0,7.0,0.1,0,0,0,0,0,0,1,0,0.0
Tommy Smith,QPR,2011-2012,17,4,552.0,6.1,2,0,2,2,0,0,0,0,0.33
Alexandre Song,Arsenal,2011-2012,34,34,,33.3,1,11,12,1,0,0,10,0,0.36
Marvin Sordell,Bolton,2011-2012,3,0,43.0,0.5,0,0,0,0,0,0,0,0,0.0
Jay Spearing,Liverpool,2011-2012,16,15,,14.4,0,1,1,0,0,0,0,1,0.07
Sébastien Squillaci,Arsenal,2011-2012,1,0,10.0,0.1,0,0,0,0,0,0,0,0,0.0
Ronnie Stam,Wigan Athletic,2011-2012,20,13,,13.6,0,1,1,0,0,0,3,0,0.07
Richard Stearman,Wolves,2011-2012,30,28,,26.7,0,0,0,0,0,0,7,0,0.0
Grétar Steinsson,Bolton,2011-2012,23,20,,20.9,1,0,1,1,0,0,6,0,0.05
Raheem Sterling,Liverpool,2011-2012,3,0,30.0,0.3,0,0,0,0,0,0,0,0,0.0
David Stockdale,Fulham,2011-2012,8,8,720.0,8.0,0,0,0,0,0,0,0,0,0.0
Denis Stracqualursi,Everton,2011-2012,20,7,733.0,8.1,1,1,2,1,0,0,1,0,0.25
Daniel Sturridge,Chelsea,2011-2012,30,28,,25.0,11,3,14,11,0,0,3,0,0.56
Luis Suárez,Liverpool,2011-2012,31,29,,28.3,11,3,14,11,0,1,5,0,0.5
Andrew Surman,Norwich City,2011-2012,25,21,,21.3,4,0,4,4,0,0,1,0,0.19
Wojciech Szczęsny,Arsenal,2011-2012,38,38,,38.0,0,0,0,0,0,0,2,0,0.0
Thomas Sørensen,Stoke City,2011-2012,16,16,,15.8,0,0,0,0,0,0,1,0,0.0
Adel Taarabt,QPR,2011-2012,27,24,,22.3,2,3,5,2,0,0,4,1,0.22
Taye Taiwo,QPR,2011-2012,15,13,,13.3,1,2,3,1,0,0,1,0,0.23
Gabriel Tamaș,West Brom,2011-2012,8,7,664.0,7.4,0,0,0,0,0,0,1,0,0.0
Alan Tate,Swansea City,2011-2012,5,1,165.0,1.8,0,0,0,0,0,0,0,0,0.0
Neil Taylor,Swansea City,2011-2012,36,35,,34.2,0,1,1,0,0,0,4,0,0.03
Ryan Taylor,Newcastle Utd,2011-2012,31,23,,23.6,2,3,5,2,0,0,5,0,0.21
Steven Taylor,Newcastle Utd,2011-2012,14,14,,14.0,0,0,0,0,0,0,1,0,0.0
Somen Tchoyi,West Brom,2011-2012,18,6,655.0,7.3,1,0,1,1,0,0,0,0,0.14
John Terry,Chelsea,2011-2012,31,31,,31.0,6,1,7,6,0,0,8,0,0.23
Carlos Tevez,Manchester City,2011-2012,13,7,601.0,6.7,4,3,7,4,0,1,1,0,1.05
Jerome Thomas,West Brom,2011-2012,29,26,,22.0,1,1,2,1,0,0,4,0,0.09
George Thorne,West Brom,2011-2012,3,1,104.0,1.2,0,0,0,0,0,0,0,0,0.0
Marc Tierney,Norwich City,2011-2012,17,17,,17.0,0,1,1,0,0,0,2,0,0.06
Cheick Tioté,Newcastle Utd,2011-2012,24,24,,22.6,0,1,1,0,0,0,11,0,0.04
Fernando Torres,Chelsea,2011-2012,32,20,,21.3,6,4,10,6,0,0,4,1,0.47
Kolo Touré,Manchester City,2011-2012,14,8,853.0,9.5,0,0,0,0,0,0,0,0,0.0
Yaya Touré,Manchester City,2011-2012,32,31,,29.4,6,6,12,6,0,0,8,0,0.41
Armand Traoré,Arsenal,2011-2012,1,1,90.0,1.0,0,0,0,0,0,0,0,0,0.0
Armand Traoré,QPR,2011-2012,23,18,,17.9,0,3,3,0,0,0,3,1,0.17
Gerhard Tremmel,Swansea City,2011-2012,1,1,90.0,1.0,0,0,0,0,0,0,0,0,0.0
Marcello Trotta,Fulham,2011-2012,1,0,3.0,0.0,0,0,0,0,0,0,0,0,0.0
Ross Turnbull,Chelsea,2011-2012,2,2,180.0,2.0,0,0,0,0,0,0,0,0,0.0
Michael Turner,Sunderland,2011-2012,24,23,,23.5,0,0,0,0,0,0,3,0,0.0
Matt Upson,Stoke City,2011-2012,14,10,,11.4,1,0,1,1,0,0,1,0,0.09
Antonio Valencia,Manchester Utd,2011-2012,27,22,,23.6,4,13,17,4,0,0,3,0,0.72
David Vaughan,Sunderland,2011-2012,22,17,,16.5,2,1,3,2,0,0,3,0,0.18
James Vaughan,Norwich City,2011-2012,5,1,151.0,1.7,0,0,0,0,0,0,1,0,0.0
Josh Vela,Bolton,2011-2012,3,0,40.0,0.4,0,0,0,0,0,0,1,0,0.0
Apostolos Vellios,Everton,2011-2012,13,2,260.0,2.9,3,0,3,3,0,0,1,0,1.04
Thomas Vermaelen,Arsenal,2011-2012,29,28,,27.5,6,1,7,6,0,0,8,0,0.25
Nemanja Vidić,Manchester Utd,2011-2012,6,6,501.0,5.6,0,0,0,0,0,0,0,0,0.0
Sam Vokes,Wolves,2011-2012,4,0,65.0,0.7,0,0,0,0,0,0,1,0,0.0
Michel Vorm,Swansea City,2011-2012,37,37,,37.0,0,0,0,0,0,0,2,0,0.0
Dorus de Vries,Wolves,2011-2012,4,4,320.0,3.6,0,0,0,0,0,0,0,0,0.0
Haris Vučkić,Newcastle Utd,2011-2012,4,2,170.0,1.9,0,0,0,0,0,0,0,0,0.0
Simon Vukčević,Blackburn,2011-2012,7,4,377.0,4.2,1,1,2,1,0,0,0,0,0.48
Theo Walcott,Arsenal,2011-2012,35,32,,30.3,8,8,16,8,0,0,1,0,0.53
Kyle Walker,Tottenham,2011-2012,37,37,,35.9,2,1,3,2,0,0,4,0,0.08
Jonathan Walters,Stoke City,2011-2012,38,38,,37.0,7,5,12,3,4,6,3,0,0.22
Elliott Ward,Norwich City,2011-2012,12,12,,12.0,0,1,1,0,0,0,2,0,0.08
Stephen Ward,Wolves,2011-2012,38,38,,38.0,3,1,4,3,0,0,2,0,0.11
Stephen Warnock,Aston Villa,2011-2012,35,34,,33.9,2,2,4,2,0,0,6,0,0.12
Ben Watson,Wigan Athletic,2011-2012,21,14,,14.0,3,1,4,1,2,4,1,0,0.14
Andreas Weimann,Aston Villa,2011-2012,14,5,541.0,6.0,2,0,2,2,0,0,0,0,0.33
Danny Welbeck,Manchester Utd,2011-2012,30,23,,22.4,9,4,13,9,0,0,3,0,0.58
Keiren Westwood,Sunderland,2011-2012,9,8,759.0,8.4,0,0,0,0,0,0,0,0,0.0
David Wheater,Bolton,2011-2012,24,24,,22.3,2,2,4,2,0,0,1,2,0.18
Glenn Whelan,Stoke City,2011-2012,30,27,,27.6,1,1,2,1,0,0,4,0,0.07
Zak Whitbread,Norwich City,2011-2012,18,18,,15.9,0,1,1,0,0,0,4,0,0.06
Dean Whitehead,Stoke City,2011-2012,33,24,,26.3,0,2,2,0,0,0,5,0,0.08
Connor Wickham,Sunderland,2011-2012,16,5,532.0,5.9,1,0,1,1,0,0,0,0,0.17
Aaron Wilbraham,Norwich City,2011-2012,11,2,314.0,3.5,1,1,2,1,0,0,1,0,0.57
Andy Wilkinson,Stoke City,2011-2012,25,20,,19.0,0,0,0,0,0,0,5,0,0.0
Ashley Williams,Swansea City,2011-2012,37,37,,37.0,1,1,2,1,0,0,6,0,0.05
Mike Williamson,Newcastle Utd,2011-2012,22,21,,21.1,0,1,1,0,0,0,4,0,0.05
Marc Wilson,Stoke City,2011-2012,35,35,,32.2,0,1,1,0,0,0,8,0,0.03
Jonathan Woodgate,Stoke City,2011-2012,17,16,,14.1,0,0,0,0,0,0,3,0,0.0
Shaun Wright-Phillips,QPR,2011-2012,32,24,,24.6,0,3,3,0,0,0,3,0,0.12
Nico Yennaris,Arsenal,2011-2012,1,0,45.0,0.5,0,0,0,0,0,0,0,0,0.0
Ashley Young,Manchester Utd,2011-2012,25,19,,17.4,6,7,13,6,0,0,3,0,0.75
Luke Young,Aston Villa,2011-2012,2,2,145.0,1.6,0,0,0,0,0,0,0,0,0.0
Luke Young,QPR,2011-2012,23,23,,22.6,2,1,3,2,0,0,5,0,0.13
Pablo Zabaleta,Manchester City,2011-2012,21,18,,17.2,1,0,1,1,0,0,5,0,0.06
Bobby Zamora,QPR,2011-2012,14,14,,13.1,2,0,2,2,0,0,2,0,0.15
Bobby Zamora,Fulham,2011-2012,15,14,,13.1,5,5,10,4,1,1,2,0,0.69
Ronald Zubar,Wolves,2011-2012,15,14,,12.9,1,0,1,1,0,0,6,1,0.08
