Rk;Player;Nation;Pos;Squad;Age;Born;90s;Gls;Sh;SoT;SoT%;Sh/90;SoT/90;G/Sh;G/SoT;Dist;PK;PKatt;Matches
1;Patrick van Aanholt;nl NED;DF;Wigan Athletic;20;1990;3.0;0;;0;;;0.00;;;;0;0;Matches
2;Charlie Adam;sct SCO;MF;Liverpool;25;1985;24.1;2;;12;;;0.50;;0.08;;1;2;Matches
3;Emmanuel Adebayor;tg TOG;FW;Tottenham;27;1984;31.4;17;;49;;;1.56;;0.29;;3;4;Matches
4;Gabriel Agbonlahor;eng ENG;FW,MF;Aston Villa;24;1986;30.7;5;;20;;;0.65;;0.25;;0;0;Matches
5;Daniel Agger;dk DEN;DF;Liverpool;26;1984;23.8;1;;7;;;0.29;;0.14;;0;0;Matches
6;Sergio Agüero;ar ARG;FW;Manchester City;23;1988;28.6;23;;52;;;1.82;;0.38;;3;3;Matches
7;Kemy Agustien;cw CUW;DF,MF;Swansea City;24;1986;7.9;0;;0;;;0.00;;;;0;0;Matches
8;Patrick Agyemang;gh GHA;FW;QPR;30;1980;1.6;0;;1;;;0.62;;0.00;;0;0;Matches
9;Yakubu Aiyegbeni;ng NGA;FW;Blackburn;28;1982;27.1;17;;33;;;1.22;;0.39;;4;5;Matches
10;Marc Albrighton;eng ENG;DF,FW;Aston Villa;21;1989;16.6;2;;6;;;0.36;;0.33;;0;0;Matches
11;Antolín Alcaraz;py PAR;DF;Wigan Athletic;29;1982;24.1;2;;3;;;0.12;;0.67;;0;0;Matches
12;Alex;br BRA;DF;Chelsea;29;1982;2.7;0;;2;;;0.73;;0.00;;0;0;Matches
13;Joe Allen;wls WAL;MF;Swansea City;21;1990;32.2;4;;12;;;0.37;;0.33;;0;0;Matches
14;Marcos Alonso;es ESP;DF,MF;Bolton;20;1990;3.7;1;;1;;;0.27;;1.00;;0;0;Matches
15;Sammy Ameobi;eng ENG;FW,MF;Newcastle Utd;19;1992;2.2;0;;4;;;1.78;;0.00;;0;0;Matches
16;Shola Ameobi;ng NGA;FW;Newcastle Utd;29;1981;11.4;2;;7;;;0.62;;0.29;;0;0;Matches
17;Ben Amos;eng ENG;GK;Manchester Utd;21;1990;1.0;0;;0;;;0.00;;;;0;0;Matches
18;Anderson;br BRA;MF;Manchester Utd;23;1988;7.7;2;;5;;;0.65;;0.40;;0;0;Matches
19;Bruno Andrade;pt POR;FW,MF;QPR;17;1993;0.1;0;;0;;;0.00;;;;0;0;Matches
20;Keith Andrews;ie IRL;MF;West Brom;30;1980;8.8;2;;9;;;1.03;;0.22;;0;0;Matches
21;Nicolas Anelka;fr FRA;FW;Chelsea;32;1979;4.7;1;;8;;;1.71;;0.13;;0;0;Matches
22;Victor Anichebe;ng NGA;FW;Everton;23;1988;5.0;5;;7;;;1.41;;0.71;;0;0;Matches
23;John Arne Riise;no NOR;DF,MF;Fulham;30;1980;34.9;0;;10;;;0.29;;0.00;;0;0;Matches
24;Andrey Arshavin;ru RUS;FW,MF;Arsenal;30;1981;8.0;1;;5;;;0.62;;0.20;;0;0;Matches
25;Mikel Arteta;es ESP;MF;Arsenal;29;1982;27.4;6;;13;;;0.47;;0.46;;0;0;Matches
26;Mikel Arteta;es ESP;MF;Everton;29;1982;1.4;1;;1;;;0.71;;0.00;;1;1;Matches
27;Benoît Assou-Ekotto;cm CMR;DF;Tottenham;27;1984;32.9;2;;5;;;0.15;;0.40;;0;0;Matches
28;Fábio Aurélio;br BRA;DF,MF;Liverpool;31;1979;0.7;0;;0;;;0.00;;;;0;0;Matches
29;Daniel Ayala;es ESP;DF;Norwich City;20;1990;5.5;0;;0;;;0.00;;;;0;0;Matches
30;Demba Ba;sn SEN;FW;Newcastle Utd;26;1985;30.2;16;;42;;;1.39;;0.33;;2;3;Matches
31;Leighton Baines;eng ENG;DF;Everton;26;1984;33.0;4;;5;;;0.15;;0.20;;3;3;Matches
32;Chris Baird;nir NIR;DF,MF;Fulham;29;1982;14.2;0;;4;;;0.28;;0.00;;0;0;Matches
33;Nathan Baker;eng ENG;DF;Aston Villa;20;1991;6.1;0;;0;;;0.00;;;;0;0;Matches
34;Gareth Bale;wls WAL;FW,MF;Tottenham;22;1989;35.7;9;;48;;;1.34;;0.19;;0;0;Matches
35;Mario Balotelli;it ITA;FW;Manchester City;20;1990;14.8;13;;31;;;2.10;;0.32;;3;3;Matches
36;Barry Bannan;sct SCO;MF;Aston Villa;21;1989;14.0;1;;8;;;0.57;;0.00;;1;1;Matches
37;Phil Bardsley;sct SCO;DF;Sunderland;26;1985;27.5;1;;2;;;0.07;;0.50;;0;0;Matches
38;Ross Barkley;eng ENG;MF;Everton;17;1993;2.4;0;;2;;;0.83;;0.00;;0;0;Matches
39;Leon Barnett;eng ENG;DF;Norwich City;25;1985;13.7;1;;1;;;0.07;;1.00;;0;0;Matches
40;Gareth Barry;eng ENG;MF;Manchester City;30;1981;30.4;1;;6;;;0.20;;0.17;;0;0;Matches
41;Joey Barton;eng ENG;MF;QPR;28;1982;29.7;3;;10;;;0.34;;0.30;;0;0;Matches
42;Joey Barton;eng ENG;MF;Newcastle Utd;28;1982;2.0;0;;1;;;0.50;;0.00;;0;0;Matches
43;Sébastien Bassong;cm CMR;DF;Tottenham;25;1986;2.5;0;;0;;;0.00;;;;0;0;Matches
44;Sébastien Bassong;cm CMR;DF;Wolves;25;1986;7.6;0;;0;;;0.00;;;;0;0;Matches
45;Jose Baxter;eng ENG;FW,MF;Everton;19;1992;0.1;0;;0;;;0.00;;;;0;0;Matches
46;Jean Beausejour;cl CHI;DF,FW;Wigan Athletic;27;1984;15.4;0;;3;;;0.19;;0.00;;0;0;Matches
47;Jermaine Beckford;jm JAM;FW;Everton;27;1983;0.8;0;;1;;;1.32;;0.00;;0;0;Matches
48;Asmir Begović;ba BIH;GK;Stoke City;24;1987;22.2;0;;0;;;0.00;;;;0;0;Matches
49;Craig Bellamy;wls WAL;FW;Liverpool;32;1979;13.9;6;;15;;;1.08;;0.40;;0;0;Matches
50;Hatem Ben Arfa;fr FRA;FW,MF;Newcastle Utd;24;1987;17.3;5;;11;;;0.64;;0.45;;0;0;Matches
51;Yossi Benayoun;il ISR;MF;Arsenal;31;1980;10.0;4;;12;;;1.19;;0.33;;0;0;Matches
52;Yossi Benayoun;il ISR;MF;Chelsea;31;1980;0.0;0;;0;;;0.00;;;;0;0;Matches
53;Nicklas Bendtner;dk DEN;FW;Arsenal;23;1988;0.1;0;;0;;;0.00;;;;0;0;Matches
54;Nicklas Bendtner;dk DEN;FW;Sunderland;23;1988;24.7;8;;23;;;0.93;;0.30;;1;1;Matches
55;Elliott Bennett;eng ENG;DF,MF;Norwich City;22;1988;22.4;1;;10;;;0.45;;0.10;;0;0;Matches
56;Ryan Bennett;eng ENG;DF;Norwich City;21;1990;8.0;0;;0;;;0.00;;;;0;0;Matches
57;Darren Bent;eng ENG;FW;Aston Villa;27;1984;20.6;9;;26;;;1.26;;0.27;;2;2;Matches
58;Dimitar Berbatov;bg BUL;FW;Manchester Utd;30;1981;5.8;7;;10;;;1.73;;0.50;;2;2;Matches
59;Christophe Berra;sct SCO;DF;Wolves;26;1985;30.0;0;;3;;;0.10;;0.00;;0;0;Matches
60;Ryan Bertrand;eng ENG;DF,MF;Chelsea;21;1989;6.0;0;;1;;;0.17;;0.00;;0;0;Matches
61;Federico Bessone;ar ARG;DF;Swansea City;27;1984;0.1;0;;0;;;0.00;;;;0;0;Matches
62;Leon Best;ie IRL;FW;Newcastle Utd;24;1986;12.8;4;;8;;;0.63;;0.50;;0;0;Matches
63;Diniyar Bilyaletdinov;ru RUS;MF;Everton;26;1985;5.8;0;;0;;;0.00;;;;0;0;Matches
64;Nick Blackman;bb BRB;FW,MF;Blackburn;21;1989;0.1;0;;0;;;0.00;;;;0;0;Matches
65;Robbie Blake;eng ENG;FW,MF;Bolton;35;1976;0.1;0;;0;;;0.00;;;;0;0;Matches
66;Ádám Bogdán;hu HUN;GK;Bolton;23;1987;20.0;0;;0;;;0.00;;;;0;0;Matches
67;José Bosingwa;pt POR;DF;Chelsea;28;1982;23.5;1;;4;;;0.17;;0.25;;0;0;Matches
68;Jay Bothroyd;eng ENG;FW;QPR;29;1982;12.3;2;;10;;;0.82;;0.20;;0;0;Matches
69;Dedryck Boyata;be BEL;DF;Bolton;20;1990;12.5;1;;2;;;0.16;;0.50;;0;0;Matches
70;Emmerson Boyce;bb BRB;DF;Wigan Athletic;31;1979;25.2;3;;4;;;0.16;;0.75;;0;0;Matches
71;Titus Bramble;eng ENG;DF;Sunderland;30;1981;7.2;1;;2;;;0.28;;0.50;;0;0;Matches
72;Wayne Bridge;eng ENG;DF;Sunderland;30;1980;3.6;0;;0;;;0.00;;;;0;0;Matches
73;Matthew Briggs;gy GUY;DF;Fulham;20;1991;1.0;0;;0;;;0.00;;;;0;0;Matches
74;Leon Britton;eng ENG;MF;Swansea City;28;1982;33.4;0;;0;;;0.00;;;;0;0;Matches
75;Wes Brown;eng ENG;DF;Sunderland;31;1979;19.3;1;;3;;;0.16;;0.33;;0;0;Matches
76;Chris Brunt;nir NIR;DF,MF;West Brom;26;1984;25.6;2;;11;;;0.43;;0.18;;0;0;Matches
77;Mark Bunn;eng ENG;GK;Blackburn;26;1984;3.0;0;;0;;;0.00;;;;0;0;Matches
78;Ákos Buzsáky;hu HUN;MF;QPR;29;1982;10.0;2;;8;;;0.80;;0.25;;0;0;Matches
79;Yohan Cabaye;fr FRA;MF;Newcastle Utd;25;1986;31.3;4;;20;;;0.64;;0.20;;0;0;Matches
80;Gary Cahill;eng ENG;DF;Bolton;25;1985;18.2;2;;7;;;0.38;;0.29;;0;0;Matches
81;Gary Cahill;eng ENG;DF;Chelsea;25;1985;9.5;1;;4;;;0.42;;0.25;;0;0;Matches
82;Tim Cahill;au AUS;FW,MF;Everton;31;1979;26.1;2;;15;;;0.58;;0.13;;0;0;Matches
83;Gary Caldwell;sct SCO;DF,MF;Wigan Athletic;29;1982;35.8;3;;3;;;0.08;;1.00;;0;0;Matches
84;DJ Campbell;eng ENG;FW;QPR;29;1981;3.6;1;;1;;;0.27;;1.00;;0;0;Matches
85;Fraizer Campbell;eng ENG;FW;Sunderland;23;1987;7.1;1;;4;;;0.56;;0.25;;0;0;Matches
86;Jamie Carragher;eng ENG;DF,MF;Liverpool;33;1978;19.2;0;;0;;;0.00;;;;0;0;Matches
87;Michael Carrick;eng ENG;MF;Manchester Utd;30;1981;27.8;2;;3;;;0.11;;0.67;;0;0;Matches
88;Andy Carroll;eng ENG;FW;Liverpool;22;1989;23.0;4;;28;;;1.22;;0.14;;0;0;Matches
89;Samir Carruthers;ie IRL;MF;Aston Villa;18;1993;0.2;0;;0;;;0.00;;;;0;0;Matches
90;Lee Cattermole;eng ENG;MF;Sunderland;23;1988;21.5;0;;3;;;0.14;;0.00;;0;0;Matches
91;Steven Caulker;sl SLE;DF;Swansea City;19;1991;26.0;0;;3;;;0.12;;0.00;;0;0;Matches
92;Petr Čech;cz CZE;GK;Chelsea;29;1982;34.0;0;;0;;;0.00;;;;0;0;Matches
93;Radek Černý;cz CZE;GK;QPR;37;1974;5.0;0;;0;;;0.00;;;;0;0;Matches
94;Marouane Chamakh;ma MAR;FW;Arsenal;27;1984;2.0;1;;2;;;1.00;;0.50;;0;0;Matches
95;Park Chu-young;kr KOR;FW,MF;Arsenal;26;1985;0.1;0;;0;;;0.00;;;;0;0;Matches
96;Lee Chung-yong;kr KOR;FW,MF;Bolton;23;1988;0.2;0;;0;;;0.00;;;;0;0;Matches
97;Djibril Cissé;fr FRA;FW;QPR;29;1981;5.9;6;;13;;;2.19;;0.46;;0;0;Matches
98;Papiss Cissé;sn SEN;FW;Newcastle Utd;26;1985;12.3;13;;24;;;1.95;;0.54;;0;0;Matches
99;Ciaran Clark;ie IRL;DF,MF;Aston Villa;21;1989;12.7;1;;4;;;0.31;;0.25;;0;0;Matches
100;Tom Cleverley;eng ENG;MF;Manchester Utd;21;1989;5.0;0;;3;;;0.60;;0.00;;0;0;Matches
101;Gaël Clichy;fr FRA;DF;Manchester City;26;1985;27.6;0;;3;;;0.11;;0.00;;0;0;Matches
102;Sebastián Coates;uy URU;DF;Liverpool;20;1990;5.4;1;1;1;100.0;0.18;0.18;1.00;1.00;;0;0;Matches
103;Jack Colback;eng ENG;DF,MF;Sunderland;21;1989;29.7;1;;2;;;0.07;;0.50;;0;0;Matches
104;Ashley Cole;eng ENG;DF;Chelsea;30;1980;30.9;0;;3;;;0.10;;0.00;;0;0;Matches
105;Séamus Coleman;ie IRL;DF,MF;Everton;22;1988;12.5;0;;5;;;0.40;;0.00;;0;0;Matches
106;James Collins;wls WAL;DF;Aston Villa;27;1983;30.9;1;;6;;;0.19;;0.17;;0;0;Matches
107;Fabricio Coloccini;ar ARG;DF,MF;Newcastle Utd;29;1982;33.8;0;;4;;;0.12;;0.00;;0;0;Matches
108;Matthew Connolly;eng ENG;DF;QPR;23;1987;5.4;0;;0;;;0.00;;;;0;0;Matches
109;Francis Coquelin;fr FRA;DF,MF;Arsenal;20;1991;7.0;0;;0;;;0.00;;;;0;0;Matches
110;Vedran Ćorluka;hr CRO;DF;Tottenham;25;1986;1.5;0;;0;;;0.00;;;;0;0;Matches
111;Simon Cox;ie IRL;FW;West Brom;24;1987;8.5;0;;10;;;1.17;;0.00;;0;0;Matches
112;Jody Craddock;eng ENG;DF,MF;Wolves;36;1975;0.8;0;;0;;;0.00;;;;0;0;Matches
113;Andrew Crofts;wls WAL;MF;Norwich City;27;1984;14.3;0;;2;;;0.14;;0.00;;0;0;Matches
114;Peter Crouch;eng ENG;FW;Stoke City;30;1981;29.8;10;;24;;;0.81;;0.42;;0;0;Matches
115;Peter Crouch;eng ENG;FW;Tottenham;30;1981;1.0;0;;1;;;1.00;;0.00;;0;0;Matches
116;Albert Crusat;es ESP;FW,MF;Wigan Athletic;29;1982;5.5;1;;5;;;0.91;;0.20;;0;0;Matches
117;Carlos Cuéllar;es ESP;DF;Aston Villa;29;1981;16.6;0;;3;;;0.18;;0.00;;0;0;Matches
118;Scott Dann;eng ENG;DF;Blackburn;24;1987;26.7;1;;5;;;0.19;;0.20;;0;1;Matches
119;Kevin Davies;eng ENG;FW;Bolton;34;1977;20.7;6;;16;;;0.77;;0.38;;0;1;Matches
120;Mark Davies;eng ENG;MF;Bolton;23;1988;30.6;4;;14;;;0.46;;0.29;;0;0;Matches
121;Simon Davies;wls WAL;MF;Fulham;31;1979;3.4;0;;1;;;0.30;;0.00;;0;0;Matches
122;David Davis;eng ENG;MF;Wolves;20;1991;4.4;0;;2;;;0.45;;0.00;;0;0;Matches
123;Craig Dawson;eng ENG;DF;West Brom;21;1990;6.0;0;;1;;;0.17;;0.00;;0;0;Matches
124;Michael Dawson;eng ENG;DF;Tottenham;27;1983;6.1;0;;0;;;0.00;;;;0;0;Matches
125;Ritchie De Laet;be BEL;DF;Norwich City;22;1988;5.3;1;;1;;;0.19;;1.00;;0;0;Matches
126;Jermain Defoe;eng ENG;FW;Tottenham;28;1982;14.5;11;;27;;;1.87;;0.41;;0;0;Matches
127;Rory Delap;ie IRL;MF;Stoke City;35;1976;16.9;2;;3;;;0.18;;0.67;;0;0;Matches
128;Nathan Delfouneso;eng ENG;FW,MF;Aston Villa;20;1991;1.8;0;;1;;;0.55;;0.00;;0;0;Matches
129;Fabian Delph;eng ENG;DF,MF;Aston Villa;21;1989;9.4;0;;0;;;0.00;;;;0;0;Matches
130;Mousa Dembélé;be BEL;MF;Fulham;24;1987;32.6;2;;23;;;0.71;;0.09;;0;0;Matches
131;Clint Dempsey;us USA;FW,MF;Fulham;28;1983;36.9;17;;57;;;1.54;;0.30;;0;1;Matches
132;Rafael van der Vaart;nl NED;MF;Tottenham;28;1983;25.7;11;;42;;;1.63;;0.24;;1;1;Matches
133;Shaun Derry;eng ENG;MF;QPR;33;1977;24.7;1;;3;;;0.12;;0.33;;0;0;Matches
134;Franco Di Santo;ar ARG;FW;Wigan Athletic;22;1989;22.5;7;;26;;;1.16;;0.27;;0;0;Matches
135;Abou Diaby;fr FRA;MF;Arsenal;25;1986;1.0;0;;1;;;0.96;;0.00;;0;0;Matches
136;Samba Diakité;ml MLI;MF;QPR;22;1989;7.5;1;;2;;;0.27;;0.50;;0;0;Matches
137;Mohamed Diamé;sn SEN;MF;Wigan Athletic;24;1987;17.8;3;;10;;;0.56;;0.30;;0;0;Matches
138;Salif Diao;sn SEN;MF;Stoke City;34;1977;1.3;0;;0;;;0.00;;;;0;0;Matches
139;Mahamadou Diarra;ml MLI;MF;Fulham;30;1981;8.3;1;;2;;;0.24;;0.50;;0;0;Matches
140;Sylvain Distin;fr FRA;DF;Everton;33;1977;24.6;0;;0;;;0.00;;;;0;0;Matches
141;Johan Djourou;ch SUI;DF;Arsenal;24;1987;12.9;0;;1;;;0.08;;0.00;;0;0;Matches
142;Stephen Dobbie;sct SCO;FW;Swansea City;28;1982;2.9;0;;5;;;1.72;;0.00;;0;0;Matches
143;Matt Doherty;ie IRL;DF,MF;Wolves;19;1992;0.5;0;;0;;;0.00;;;;0;0;Matches
144;Ji Dong-won;kr KOR;FW,MF;Sunderland;20;1991;5.0;2;;3;;;0.60;;0.67;;0;0;Matches
145;Doni;br BRA;GK;Liverpool;31;1979;3.3;0;;0;;;0.00;;;;0;0;Matches
146;Landon Donovan;us USA;FW,MF;Everton;29;1982;7.0;0;;2;;;0.29;;0.00;;0;0;Matches
147;Graham Dorrans;sct SCO;FW,MF;West Brom;24;1987;16.9;3;;10;;;0.59;;0.30;;0;0;Matches
148;Giovani dos Santos;mx MEX;FW,MF;Tottenham;22;1989;0.6;0;;1;;;1.55;;0.00;;0;0;Matches
149;Stewart Downing;eng ENG;FW,MF;Liverpool;27;1984;27.5;0;;20;;;0.73;;0.00;;0;1;Matches
150;Kevin Doyle;ie IRL;FW;Wolves;27;1983;26.1;4;;22;;;0.84;;0.18;;0;1;Matches
151;Royston Drenthe;nl NED;DF,MF;Everton;24;1987;11.6;3;;10;;;0.86;;0.30;;0;0;Matches
152;Didier Drogba;ci CIV;FW;Chelsea;33;1978;16.4;5;;18;;;1.09;;0.22;;1;1;Matches
153;Adam Drury;eng ENG;DF;Norwich City;32;1978;10.0;0;;0;;;0.00;;;;0;0;Matches
154;Damien Duff;ie IRL;FW,MF;Fulham;32;1979;23.5;2;;11;;;0.47;;0.18;;0;0;Matches
155;Shane Duffy;ie IRL;DF,MF;Everton;19;1992;2.4;0;;0;;;0.00;;;;0;0;Matches
156;David Dunn;eng ENG;MF;Blackburn;31;1979;17.8;2;;14;;;0.79;;0.14;;0;0;Matches
157;Richard Dunne;ie IRL;DF;Aston Villa;31;1979;28.0;1;;4;;;0.14;;0.25;;0;0;Matches
158;Kieron Dyer;eng ENG;MF;QPR;32;1978;0.1;0;;0;;;0.00;;;;0;0;Matches
159;Nathan Dyer;eng ENG;FW,MF;Swansea City;23;1987;26.2;5;;18;;;0.69;;0.28;;0;0;Matches
160;Edin Džeko;ba BIH;FW;Manchester City;25;1986;16.8;14;;35;;;2.09;;0.40;;0;0;Matches
161;Chris Eagles;eng ENG;MF;Bolton;25;1985;25.4;4;;25;;;0.98;;0.16;;0;0;Matches
162;Sylvan Ebanks-Blake;eng ENG;FW;Wolves;25;1986;11.4;1;;6;;;0.53;;0.17;;0;0;Matches
163;David Edwards;wls WAL;MF;Wolves;25;1986;21.4;3;;8;;;0.37;;0.38;;0;0;Matches
164;Ahmed Elmohamady;eg EGY;DF,MF;Sunderland;23;1987;8.7;1;;3;;;0.34;;0.33;;0;0;Matches
165;George Elokobi;cm CMR;DF;Wolves;25;1986;3.3;0;;0;;;0.00;;;;0;0;Matches
166;Brett Emerton;au AUS;DF,MF;Blackburn;32;1979;1.5;0;;1;;;0.67;;0.00;;0;0;Matches
167;José Enrique;es ESP;DF;Liverpool;25;1986;33.3;0;;3;;;0.09;;0.00;;0;0;Matches
168;Hogan Ephraim;eng ENG;FW,MF;QPR;23;1988;0.5;0;;0;;;0.00;;;;0;0;Matches
169;Michael Essien;gh GHA;DF,MF;Chelsea;28;1982;10.2;0;;3;;;0.29;;0.00;;0;0;Matches
170;Matthew Etherington;eng ENG;MF;Stoke City;29;1981;26.2;3;;15;;;0.57;;0.20;;0;0;Matches
171;Dickson Etuhu;ng NGA;MF;Fulham;29;1982;10.1;0;;2;;;0.20;;0.00;;0;0;Matches
172;Jonny Evans;nir NIR;DF;Manchester Utd;23;1988;26.9;1;;4;;;0.15;;0.25;;0;0;Matches
173;Patrice Evra;fr FRA;DF;Manchester Utd;30;1981;35.9;0;;3;;;0.08;;0.00;;0;0;Matches
174;Fábio;br BRA;DF;Manchester Utd;21;1990;2.8;0;;1;;;0.36;;0.00;;0;0;Matches
175;Alejandro Faurlín;ar ARG;MF;QPR;24;1986;20.0;1;;7;;;0.35;;0.14;;0;0;Matches
176;Marouane Fellaini;be BEL;MF;Everton;23;1987;31.7;3;;16;;;0.50;;0.19;;0;0;Matches
177;Anton Ferdinand;eng ENG;DF;Sunderland;26;1985;3.0;0;;0;;;0.00;;;;0;0;Matches
178;Anton Ferdinand;eng ENG;DF;QPR;26;1985;30.5;0;;0;;;0.00;;;;0;0;Matches
179;Rio Ferdinand;eng ENG;DF;Manchester Utd;32;1978;28.5;0;;1;;;0.04;;0.00;;0;0;Matches
180;Shane Ferguson;nir NIR;DF,MF;Newcastle Utd;20;1991;1.8;0;;0;;;0.00;;;;0;0;Matches
181;Paulo Ferreira;pt POR;DF;Chelsea;32;1979;4.1;0;;0;;;0.00;;;;0;0;Matches
182;Maynor Figueroa;hn HON;DF;Wigan Athletic;28;1983;37.2;0;;7;;;0.19;;0.00;;0;0;Matches
183;Jon Flanagan;eng ENG;DF;Liverpool;18;1993;4.3;0;;0;;;0.00;;;;0;0;Matches
184;Darren Fletcher;sct SCO;MF;Manchester Utd;27;1984;7.2;1;;2;;;0.28;;0.50;;0;0;Matches
185;Steven Fletcher;sct SCO;FW;Wolves;24;1987;26.1;12;;31;;;1.19;;0.39;;0;0;Matches
186;Kevin Foley;ie IRL;DF,MF;Wolves;26;1984;11.9;0;;0;;;0.00;;;;0;0;Matches
187;Anthony Forde;ie IRL;DF,FW;Wolves;17;1993;2.7;0;;2;;;0.74;;0.00;;0;0;Matches
188;Mauro Formica;ar ARG;MF;Blackburn;23;1988;24.1;4;;14;;;0.58;;0.29;;0;1;Matches
189;Marc-Antoine Fortuné;fr FRA;FW;West Brom;30;1981;12.3;2;;15;;;1.22;;0.13;;0;0;Matches
190;Ben Foster;eng ENG;GK;West Brom;28;1983;37.0;0;;0;;;0.00;;;;0;0;Matches
191;David Fox;eng ENG;MF;Norwich City;27;1983;21.5;0;;3;;;0.14;;0.00;;0;0;Matches
192;Kerim Frei;tr TUR;FW,MF;Fulham;17;1993;7.6;0;;6;;;0.79;;0.00;;0;0;Matches
193;Brad Friedel;us USA;GK;Tottenham;40;1971;38.0;0;;0;;;0.00;;;;0;0;Matches
194;Emmanuel Frimpong;gh GHA;MF;Arsenal;19;1992;2.4;0;;1;;;0.41;;0.00;;0;0;Matches
195;Emmanuel Frimpong;gh GHA;MF;Wolves;19;1992;3.2;0;;1;;;0.31;;0.00;;0;0;Matches
196;Zeki Fryers;eng ENG;DF;Manchester Utd;18;1992;0.8;0;;0;;;0.00;;;;0;0;Matches
197;Ricardo Fuller;jm JAM;FW;Stoke City;31;1979;4.0;0;;2;;;0.50;;0.00;;0;0;Matches
198;Márton Fülöp;hu HUN;GK;West Brom;28;1983;1.0;0;;0;;;0.00;;;;0;0;Matches
199;Danny Gabbidon;wls WAL;DF;QPR;31;1979;15.8;0;;3;;;0.19;;0.00;;0;0;Matches
200;William Gallas;fr FRA;DF;Tottenham;33;1977;14.7;0;;0;;;0.00;;;;0;0;Matches
201;Morten Gamst Pedersen;no NOR;FW,MF;Blackburn;29;1981;31.4;3;;9;;;0.29;;0.33;;0;0;Matches
202;Craig Gardner;eng ENG;MF;Sunderland;24;1986;23.5;3;;14;;;0.59;;0.21;;0;0;Matches
203;Gary Gardner;eng ENG;MF;Aston Villa;19;1992;6.8;0;;5;;;0.74;;0.00;;0;0;Matches
204;Ricardo Gardner;jm JAM;DF,MF;Bolton;32;1978;1.8;0;;0;;;0.00;;;;0;0;Matches
205;David de Gea;es ESP;GK;Manchester Utd;20;1990;29.0;0;;0;;;0.00;;;;0;0;Matches
206;Marcel Gecov;cz CZE;MF;Fulham;23;1988;0.1;0;;0;;;0.00;;;;0;0;Matches
207;Zoltán Gera;hu HUN;MF;West Brom;32;1979;1.9;0;;0;;;0.00;;;;0;0;Matches
208;Steven Gerrard;eng ENG;MF;Liverpool;31;1980;13.5;5;;12;;;0.89;;0.42;;0;0;Matches
209;Gervinho;ci CIV;FW,MF;Arsenal;24;1987;18.7;4;;13;;;0.70;;0.31;;0;0;Matches
210;Kieran Gibbs;eng ENG;DF,MF;Arsenal;21;1989;13.9;1;;5;;;0.36;;0.20;;0;0;Matches
211;Darron Gibson;ie IRL;MF;Manchester Utd;23;1987;1.0;0;;1;;;1.00;;0.00;;0;0;Matches
212;Darron Gibson;ie IRL;MF;Everton;23;1987;10.3;1;;;;;;;;;0;0;Matches
213;Ryan Giggs;wls WAL;FW,MF;Manchester Utd;37;1973;16.4;2;;9;;;0.55;;0.22;;0;0;Matches
214;Shay Given;ie IRL;GK;Aston Villa;35;1976;31.4;0;;0;;;0.00;;;;0;0;Matches
215;Gaël Givet;fr FRA;DF;Blackburn;29;1981;19.4;0;;2;;;0.10;;0.00;;0;0;Matches
216;Steve Gohouri;ci CIV;DF;Wigan Athletic;30;1981;7.6;0;;2;;;0.26;;0.00;;0;0;Matches
217;Jordi Gómez;es ESP;MF;Wigan Athletic;26;1985;19.9;5;;17;;;0.86;;0.18;;2;2;Matches
218;David Goodwillie;sct SCO;FW;Blackburn;22;1989;6.8;2;;3;;;0.44;;0.67;;0;0;Matches
219;Craig Gordon;sct SCO;GK;Sunderland;28;1982;1.0;0;;0;;;0.00;;;;0;0;Matches
220;Johnny Gorman;nir NIR;MF;Wolves;18;1992;0.0;0;;0;;;0.00;;;;0;0;Matches
221;Dan Gosling;eng ENG;DF,MF;Newcastle Utd;21;1990;2.7;1;;2;;;0.73;;0.50;;0;0;Matches
222;Mark Gower;eng ENG;MF;Swansea City;32;1978;12.5;0;;1;;;0.08;;0.00;;0;0;Matches
223;Danny Graham;eng ENG;FW;Swansea City;25;1985;31.5;12;;38;;;1.20;;0.29;;1;1;Matches
224;Vince Grella;au AUS;MF;Blackburn;31;1979;0.1;0;;0;;;0.00;;;;0;0;Matches
225;Zdeněk Grygera;cz CZE;DF;Fulham;31;1980;4.5;0;;0;;;0.00;;;;0;0;Matches
226;Adlène Guedioura;dz ALG;MF;Wolves;25;1985;3.3;0;;2;;;0.60;;0.00;;0;0;Matches
227;Magaye Gueye;fr FRA;FW,MF;Everton;21;1990;6.1;1;;5;;;0.82;;0.20;;0;0;Matches
228;Danny Guthrie;eng ENG;MF;Newcastle Utd;24;1987;12.5;1;;4;;;0.32;;0.25;;0;0;Matches
229;Jonás Gutiérrez;ar ARG;MF;Newcastle Utd;28;1983;36.7;2;;10;;;0.27;;0.20;;0;0;Matches
230;Brad Guzan;us USA;GK;Aston Villa;26;1984;6.6;0;;0;;;0.00;;;;0;0;Matches
231;Asamoah Gyan;gh GHA;FW;Sunderland;25;1985;2.6;0;;3;;;1.17;;0.00;;0;0;Matches
232;Ali Al-Habsi;om OMA;GK;Wigan Athletic;29;1981;38.0;0;;0;;;0.00;;;;0;0;Matches
233;Fitz Hall;eng ENG;DF,FW;QPR;30;1980;10.2;0;;0;;;0.00;;;;0;0;Matches
234;Adam Hammill;eng ENG;FW,MF;Wolves;23;1988;3.9;0;;6;;;1.55;;0.00;;0;0;Matches
235;Brede Hangeland;no NOR;DF;Fulham;30;1981;38.0;0;;4;;;0.11;;0.00;;0;0;Matches
236;Grant Hanley;sct SCO;DF;Blackburn;19;1991;20.3;1;;5;;;0.25;;0.20;;0;0;Matches
237;Owen Hargreaves;eng ENG;MF;Manchester City;30;1981;0.2;0;;0;;;0.00;;;;0;0;Matches
238;Michael Harriman;ie IRL;DF,MF;QPR;18;1992;0.3;0;;0;;;0.00;;;;0;0;Matches
239;Joe Hart;eng ENG;GK;Manchester City;24;1987;38.0;0;;0;;;0.00;;;;0;0;Matches
240;John Heitinga;nl NED;DF,MF;Everton;27;1983;28.2;1;;4;;;0.14;;0.25;;0;0;Matches
241;Heiðar Helguson;is ISL;FW;QPR;33;1977;12.8;8;;14;;;1.09;;0.43;;2;2;Matches
242;Jordan Henderson;eng ENG;MF;Liverpool;21;1990;29.5;2;;19;;;0.64;;0.11;;0;0;Matches
243;Adam Henley;wls WAL;DF;Blackburn;17;1994;5.2;0;;0;;;0.00;;;;0;0;Matches
244;Wayne Hennessey;wls WAL;GK;Wolves;24;1987;34.0;0;;0;;;0.00;;;;0;0;Matches
245;Karl Henry;eng ENG;DF,MF;Wolves;28;1982;28.7;0;;3;;;0.10;;0.00;;0;0;Matches
246;Thierry Henry;fr FRA;FW;Arsenal;33;1977;1.1;1;;1;;;0.92;;1.00;;0;0;Matches
247;Chris Herd;au AUS;DF,MF;Aston Villa;22;1989;16.3;1;;5;;;0.31;;0.20;;0;0;Matches
248;Javier Hernández;mx MEX;FW;Manchester Utd;23;1988;16.4;10;;23;;;1.40;;0.39;;1;1;Matches
249;Emile Heskey;eng ENG;FW;Aston Villa;33;1978;16.2;1;;10;;;0.62;;0.10;;0;0;Matches
250;Tony Hibbert;eng ENG;DF;Everton;30;1981;30.6;0;;1;;;0.03;;0.00;;0;0;Matches
251;Danny Higginbotham;gi GIB;DF;Stoke City;32;1978;1.3;0;;2;;;1.59;;0.00;;0;0;Matches
252;Henrique Hilário;pt POR;GK;Chelsea;35;1975;2.0;0;;0;;;0.00;;;;0;0;Matches
253;Clint Hill;eng ENG;DF;QPR;32;1978;19.0;0;;3;;;0.16;;0.00;;0;0;Matches
254;Junior Hoilett;ca CAN;FW,MF;Blackburn;21;1990;32.8;7;;21;;;0.64;;0.33;;0;1;Matches
255;Grant Holt;eng ENG;FW;Norwich City;30;1981;25.0;15;;36;;;1.44;;0.36;;2;2;Matches
256;Wes Hoolahan;ie IRL;MF;Norwich City;29;1982;25.3;4;;12;;;0.48;;0.33;;0;0;Matches
257;Tim Howard;us USA;GK;Everton;32;1979;38.0;1;;2;;;0.05;;0.50;;0;0;Matches
258;Jonny Howson;eng ENG;DF,MF;Norwich City;23;1988;10.5;1;;5;;;0.48;;0.20;;0;0;Matches
259;Tom Huddlestone;eng ENG;MF;Tottenham;24;1986;0.7;0;;1;;;1.45;;0.00;;0;0;Matches
260;Aaron Hughes;nir NIR;DF;Fulham;31;1979;17.2;0;;2;;;0.12;;0.00;;0;0;Matches
261;Robert Hulse;eng ENG;FW;QPR;31;1979;0.8;0;;0;;;0.00;;;;0;0;Matches
262;Stephen Hunt;ie IRL;FW,MF;Wolves;29;1981;15.4;3;;17;;;1.10;;0.00;;3;3;Matches
263;Sam Hutchinson;eng ENG;DF,MF;Chelsea;21;1989;0.9;0;;0;;;0.00;;;;0;0;Matches
264;Robert Huth;de GER;DF;Stoke City;26;1984;31.5;3;;7;;;0.22;;0.43;;0;0;Matches
265;Alan Hutton;sct SCO;DF;Aston Villa;26;1984;28.8;0;;0;;;0.00;;;;0;0;Matches
266;Carl Ikeme;ng NGA;GK;Wolves;25;1986;0.4;0;;0;;;0.00;;;;0;0;Matches
267;Stephen Ireland;ie IRL;MF;Aston Villa;24;1986;17.7;1;;5;;;0.28;;0.20;;0;0;Matches
268;Branislav Ivanović;rs SRB;DF;Chelsea;27;1984;25.2;3;;9;;;0.36;;0.33;;0;0;Matches
269;Jussi Jääskeläinen;fi FIN;GK;Bolton;36;1975;18.0;0;;0;;;0.00;;;;0;0;Matches
270;Simeon Jackson;ca CAN;FW;Norwich City;24;1987;10.5;3;;12;;;1.14;;0.25;;0;0;Matches
271;Phil Jagielka;eng ENG;DF,MF;Everton;28;1982;28.6;2;;5;;;0.18;;0.40;;0;0;Matches
272;Gonzalo Jara;cl CHI;DF,MF;West Brom;25;1985;1.8;0;;0;;;0.00;;;;0;0;Matches
273;Matthew Jarvis;eng ENG;MF;Wolves;25;1986;31.2;8;;13;;;0.42;;0.62;;0;0;Matches
274;Nikica Jelavić;hr CRO;FW;Everton;25;1985;10.6;9;;18;;;1.70;;0.44;;1;1;Matches
275;Jermaine Jenas;eng ENG;MF;Aston Villa;28;1983;1.2;0;;0;;;0.00;;;;0;0;Matches
276;Carl Jenkinson;eng ENG;DF;Arsenal;19;1992;5.5;0;;0;;;0.00;;;;0;0;Matches
277;Cameron Jerome;eng ENG;FW;Stoke City;24;1986;9.4;4;;10;;;1.06;;0.40;;0;0;Matches
278;Park Ji-sung;kr KOR;MF;Manchester Utd;30;1981;10.4;2;;6;;;0.58;;0.33;;0;0;Matches
279;Adam Johnson;eng ENG;MF;Manchester City;24;1987;12.7;6;;14;;;1.10;;0.43;;0;0;Matches
280;Andrew Johnson;eng ENG;FW;Fulham;30;1981;13.9;3;;16;;;1.15;;0.19;;0;0;Matches
281;Bradley Johnson;eng ENG;DF,MF;Norwich City;24;1987;23.4;2;;11;;;0.47;;0.18;;0;0;Matches
282;Glen Johnson;eng ENG;DF;Liverpool;26;1984;21.7;1;;7;;;0.32;;0.14;;0;0;Matches
283;Roger Johnson;eng ENG;DF;Wolves;28;1983;26.2;0;;3;;;0.11;;0.00;;0;0;Matches
284;Billy Jones;eng ENG;DF;West Brom;24;1987;17.9;0;;0;;;0.00;;;;0;0;Matches
285;Brad Jones;au AUS;GK;Liverpool;29;1982;0.7;0;;0;;;0.00;;;;0;0;Matches
286;David Jones;eng ENG;MF;Wigan Athletic;26;1984;12.9;0;;2;;;0.15;;0.00;;0;0;Matches
287;Kenwyne Jones;tt TRI;FW;Stoke City;26;1984;10.9;1;;2;;;0.18;;0.50;;0;0;Matches
288;Phil Jones;eng ENG;DF,MF;Manchester Utd;19;1992;23.6;1;;8;;;0.34;;0.13;;0;0;Matches
289;Nigel de Jong;nl NED;MF;Manchester City;26;1984;12.0;0;;0;;;0.00;;;;0;0;Matches
290;Eggert Jónsson;is ISL;DF,MF;Wolves;22;1988;1.9;0;;0;;;0.00;;;;0;0;Matches
291;Younès Kaboul;fr FRA;DF;Tottenham;25;1986;32.2;1;;9;;;0.28;;0.11;;0;0;Matches
292;Alexander Kačaniklić;se SWE;FW,MF;Fulham;19;1991;2.3;0;;1;;;0.44;;0.00;;0;0;Matches
293;Gaël Kakuta;cd COD;FW,MF;Bolton;20;1991;0.8;0;;0;;;0.00;;;;0;0;Matches
294;Salomon Kalou;ci CIV;FW,MF;Chelsea;25;1985;6.4;1;;6;;;0.94;;0.17;;0;0;Matches
295;Pajtim Kasami;ch SUI;FW,MF;Fulham;19;1992;3.0;0;;2;;;0.67;;0.00;;0;0;Matches
296;Jake Kean;eng ENG;GK;Blackburn;20;1991;1.0;0;;0;;;0.00;;;;0;0;Matches
297;Robbie Keane;ie IRL;FW;Aston Villa;31;1980;5.1;3;;7;;;1.37;;0.43;;0;0;Matches
298;Will Keane;ie IRL;FW,MF;Manchester Utd;18;1993;0.1;0;;0;;;0.00;;;;0;0;Matches
299;Martin Kelly;eng ENG;DF,MF;Liverpool;21;1990;10.7;0;;3;;;0.28;;0.00;;0;0;Matches
300;Stephen Kelly;ie IRL;DF;Fulham;27;1983;22.5;0;;2;;;0.09;;0.00;;0;0;Matches
301;Paddy Kenny;ie IRL;GK;QPR;33;1978;33.0;0;;0;;;0.00;;;;0;0;Matches
302;Michael Kightly;eng ENG;FW,MF;Wolves;25;1986;13.2;3;;5;;;0.38;;0.60;;0;0;Matches
303;Matthew Kilgallon;eng ENG;DF;Sunderland;27;1984;8.8;0;;0;;;0.00;;;;0;0;Matches
304;Ledley King;eng ENG;DF,MF;Tottenham;30;1980;19.9;0;;0;;;0.00;;;;0;0;Matches
305;Ivan Klasnić;hr CRO;FW;Bolton;31;1980;16.7;8;;16;;;0.96;;0.44;;1;1;Matches
306;Zat Knight;eng ENG;DF;Bolton;31;1980;22.0;0;;0;;;0.00;;;;0;0;Matches
307;Aleksandar Kolarov;rs SRB;DF;Manchester City;25;1985;9.1;2;;5;;;0.55;;0.40;;0;0;Matches
308;Vincent Kompany;be BEL;DF;Manchester City;25;1986;30.8;3;;8;;;0.26;;0.38;;0;0;Matches
309;Laurent Koscielny;fr FRA;DF;Arsenal;25;1985;31.9;2;;4;;;0.13;;0.50;;0;0;Matches
310;Niko Kranjčar;hr CRO;MF;Tottenham;26;1984;7.1;1;;5;;;0.70;;0.20;;0;0;Matches
311;Tim Krul;nl NED;GK;Newcastle Utd;23;1988;38.0;0;;0;;;0.00;;;;0;0;Matches
312;Dirk Kuyt;nl NED;DF,FW;Liverpool;31;1980;22.3;2;;17;;;0.76;;0.12;;0;0;Matches
313;Sotirios Kyrgiakos;gr GRE;DF;Sunderland;32;1979;2.1;0;;0;;;0.00;;;;0;0;Matches
314;Frank Lampard;eng ENG;MF;Chelsea;33;1978;25.0;11;;24;;;0.96;;0.33;;3;4;Matches
315;Cameron Lancaster;eng ENG;FW;Tottenham;18;1992;0.1;0;;0;;;0.00;;;;0;0;Matches
316;Henri Lansbury;eng ENG;MF;Arsenal;20;1990;0.3;0;;0;;;0.00;;;;0;0;Matches
317;Simon Lappin;sct SCO;DF,MF;Norwich City;28;1983;3.2;0;;1;;;0.31;;0.00;;0;0;Matches
318;Sebastian Larsson;se SWE;MF;Sunderland;26;1985;29.9;7;;19;;;0.63;;0.37;;0;1;Matches
319;Lucas Leiva;br BRA;MF;Liverpool;24;1987;11.6;0;;0;;;0.00;;;;0;0;Matches
320;Aaron Lennon;eng ENG;FW,MF;Tottenham;24;1987;17.5;3;;6;;;0.34;;0.50;;0;0;Matches
321;Joleon Lescott;eng ENG;DF;Manchester City;28;1982;29.8;2;;3;;;0.10;;0.67;;0;0;Matches
322;Eric Lichaj;us USA;DF;Aston Villa;22;1988;9.1;1;;2;;;0.22;;0.50;;0;0;Matches
323;Anders Lindegaard;dk DEN;GK;Manchester Utd;27;1984;8.0;0;;0;;;0.00;;;;0;0;Matches
324;Leroy Lita;eng ENG;FW;Swansea City;26;1984;5.2;2;;4;;;0.77;;0.50;;0;0;Matches
325;Jake Livermore;eng ENG;MF;Tottenham;21;1989;9.5;0;;2;;;0.21;;0.00;;0;0;Matches
326;Shane Long;ie IRL;FW;West Brom;24;1987;24.3;8;;23;;;0.95;;0.30;;1;1;Matches
327;Adrián López;es ESP;DF;Wigan Athletic;24;1987;4.9;0;;0;;;0.00;;;;0;0;Matches
328;Jason Lowe;eng ENG;DF,MF;Blackburn;19;1991;29.7;0;;1;;;0.03;;0.00;;0;0;Matches
329;David Luiz;br BRA;DF,MF;Chelsea;24;1987;18.3;2;;6;;;0.33;;0.33;;0;0;Matches
330;Romelu Lukaku;be BEL;FW;Chelsea;18;1993;1.8;0;;5;;;2.73;;0.00;;0;0;Matches
331;Peter Løvenkrands;dk DEN;FW,MF;Newcastle Utd;31;1980;2.3;0;;0;;;0.00;;;;0;0;Matches
332;Federico Macheda;it ITA;FW;Manchester Utd;19;1991;0.5;0;;0;;;0.00;;;;0;0;Matches
333;Federico Macheda;it ITA;FW;QPR;19;1991;0.4;0;;;;;;;;;0;0;Matches
334;Jamie Mackie;sct SCO;FW,MF;QPR;25;1985;24.3;7;;14;;;0.58;;0.50;;0;0;Matches
335;Stefan Maierhofer;at AUT;FW;Wolves;28;1982;0.0;0;;0;;;0.00;;;;0;0;Matches
336;Shaun Maloney;sct SCO;FW,MF;Wigan Athletic;28;1983;8.6;3;;9;;;1.05;;0.22;;1;1;Matches
337;Florent Malouda;fr FRA;FW,MF;Chelsea;31;1980;12.9;2;;13;;;1.01;;0.15;;0;0;Matches
338;Chris Martin;sct SCO;FW;Norwich City;22;1988;2.6;0;;2;;;0.76;;0.00;;0;0;Matches
339;Russell Martin;sct SCO;DF;Norwich City;25;1986;31.7;2;;5;;;0.16;;0.40;;0;0;Matches
340;Sylvain Marveaux;fr FRA;FW,MF;Newcastle Utd;25;1986;1.6;0;;0;;;0.00;;;;0;0;Matches
341;Juan Mata;es ESP;FW,MF;Chelsea;23;1988;27.9;6;;24;;;0.86;;0.25;;0;0;Matches
342;Conor McAleny;eng ENG;FW,MF;Everton;18;1992;0.2;0;;1;;;5.00;;0.00;;0;0;Matches
343;James McArthur;sct SCO;MF;Wigan Athletic;23;1987;19.7;3;;7;;;0.36;;0.43;;0;0;Matches
344;Gareth McAuley;nir NIR;DF;West Brom;31;1979;32.0;2;;7;;;0.22;;0.29;;0;0;Matches
345;James McCarthy;ie IRL;MF;Wigan Athletic;20;1990;32.0;0;;5;;;0.16;;0.00;;0;0;Matches
346;James McClean;ie IRL;DF,FW;Sunderland;22;1989;20.5;5;;15;;;0.73;;0.33;;0;0;Matches
347;Josh McEachran;eng ENG;MF;Chelsea;18;1993;0.2;0;;0;;;0.00;;;;0;0;Matches
348;Josh McEachran;eng ENG;MF;Swansea City;18;1993;1.4;0;;0;;;0.00;;;;0;0;Matches
349;James McFadden;sct SCO;FW,MF;Everton;28;1983;1.9;0;;2;;;1.07;;0.00;;0;0;Matches
350;Callum McManaman;eng ENG;FW,MF;Wigan Athletic;20;1991;0.2;0;;0;;;0.00;;;;0;0;Matches
351;Tyrone Mears;jm JAM;DF;Bolton;28;1983;1.0;0;;0;;;0.00;;;;0;0;Matches
352;Raul Meireles;pt POR;MF;Liverpool;28;1983;0.4;0;;0;;;0.00;;;;0;0;Matches
353;Raul Meireles;pt POR;MF;Chelsea;28;1983;21.4;2;;10;;;0.47;;0.20;;0;0;Matches
354;Per Mertesacker;de GER;DF;Arsenal;26;1984;20.3;0;;2;;;0.10;;0.00;;0;0;Matches
355;David Meyler;ie IRL;MF;Sunderland;22;1989;1.8;0;;0;;;0.00;;;;0;0;Matches
356;Simon Mignolet;be BEL;GK;Sunderland;23;1988;28.6;0;;0;;;0.00;;;;0;0;Matches
357;Nenad Milijaš;rs SRB;MF;Wolves;28;1983;8.2;0;;4;;;0.49;;0.00;;0;0;Matches
358;James Milner;eng ENG;DF,MF;Manchester City;25;1986;17.6;3;;8;;;0.45;;0.25;;1;1;Matches
359;Ignasi Miquel;es ESP;DF;Arsenal;18;1992;2.4;0;;0;;;0.00;;;;0;0;Matches
360;Ryo Miyaichi;jp JPN;FW,MF;Bolton;18;1992;7.6;0;;4;;;0.53;;0.00;;0;0;Matches
361;Anthony Modeste;fr FRA;FW;Blackburn;23;1988;4.4;0;;4;;;0.92;;0.00;;0;0;Matches
362;Luka Modrić;hr CRO;MF;Tottenham;25;1985;35.7;4;;25;;;0.70;;0.16;;0;0;Matches
363;Garry Monk;eng ENG;DF;Swansea City;32;1979;14.1;0;;0;;;0.00;;;;0;0;Matches
364;Luke Moore;eng ENG;FW;Swansea City;25;1986;5.9;2;;6;;;1.02;;0.33;;0;0;Matches
365;Vangelis Moras;gr GRE;DF;Swansea City;29;1981;0.1;0;;0;;;0.00;;;;0;0;Matches
366;Steve Morison;wls WAL;FW;Norwich City;27;1983;23.4;9;;23;;;0.98;;0.39;;0;0;Matches
367;Josh Morris;eng ENG;DF,FW;Blackburn;19;1991;0.9;0;;1;;;1.11;;0.00;;0;0;Matches
368;James Morrison;sct SCO;FW,MF;West Brom;25;1986;23.8;5;;17;;;0.71;;0.29;;0;0;Matches
369;Victor Moses;ng NGA;DF,FW;Wigan Athletic;20;1990;35.7;6;;32;;;0.90;;0.19;;0;0;Matches
370;Fabrice Muamba;eng ENG;MF;Bolton;23;1988;14.7;1;;4;;;0.27;;0.25;;0;0;Matches
371;Youssouf Mulumbu;cd COD;MF;West Brom;24;1987;31.0;1;;8;;;0.26;;0.13;;0;0;Matches
372;Danny Murphy;eng ENG;MF;Fulham;34;1977;30.3;3;;11;;;0.36;;0.09;;2;2;Matches
373;David N'Gog;fr FRA;FW;Bolton;22;1989;22.6;3;;21;;;0.93;;0.14;;0;0;Matches
374;Charles N'Zogbia;fr FRA;DF,FW;Aston Villa;25;1986;23.0;2;;11;;;0.48;;0.18;;0;0;Matches
375;Nani;pt POR;FW,MF;Manchester Utd;24;1986;23.4;8;;24;;;1.03;;0.33;;0;0;Matches
376;Samir Nasri;fr FRA;FW,MF;Arsenal;24;1987;1.0;0;;0;;;0.00;;;;0;0;Matches
377;Samir Nasri;fr FRA;FW,MF;Manchester City;24;1987;24.0;5;;17;;;0.71;;0.29;;0;0;Matches
378;Kyle Naughton;eng ENG;DF;Norwich City;22;1988;30.0;0;;5;;;0.17;;0.00;;0;0;Matches
379;Ryan Nelsen;nz NZL;DF;Tottenham;33;1977;1.3;0;;0;;;0.00;;;;0;0;Matches
380;Ryan Nelsen;nz NZL;DF;Blackburn;33;1977;1.0;0;;0;;;0.00;;;;0;0;Matches
381;Phil Neville;eng ENG;DF,MF;Everton;34;1977;22.9;0;;0;;;0.00;;;;0;0;Matches
382;Ryan Noble;eng ENG;FW;Sunderland;20;1991;0.1;0;;0;;;0.00;;;;0;0;Matches
383;Steven Nzonzi;fr FRA;MF;Blackburn;22;1988;31.2;2;;6;;;0.19;;0.33;;0;0;Matches
384;Jamie O'Hara;eng ENG;MF;Wolves;24;1986;18.4;2;;16;;;0.87;;0.13;;0;0;Matches
385;John O'Shea;ie IRL;DF,MF;Sunderland;30;1981;27.1;0;;6;;;0.22;;0.00;;0;0;Matches
386;Gabriel Obertan;fr FRA;FW,MF;Newcastle Utd;22;1989;17.2;1;;2;;;0.12;;0.50;;0;0;Matches
387;John Obi Mikel;ng NGA;MF;Chelsea;24;1987;14.7;0;;1;;;0.07;;0.00;;0;0;Matches
388;Peter Odemwingie;ng NGA;FW;West Brom;30;1981;25.4;10;;26;;;1.02;;0.38;;0;1;Matches
389;Jonas Olsson;se SWE;DF;West Brom;28;1983;32.7;2;;10;;;0.31;;0.20;;0;0;Matches
390;Marcus Olsson;se SWE;DF,FW;Blackburn;23;1988;11.0;0;;1;;;0.09;;0.00;;0;0;Matches
391;Martin Olsson;se SWE;DF,MF;Blackburn;23;1988;24.2;0;;3;;;0.12;;0.00;;0;0;Matches
392;Nedum Onuoha;eng ENG;DF;QPR;24;1986;16.0;0;;2;;;0.12;;0.00;;0;0;Matches
393;Nedum Onuoha;eng ENG;DF;Manchester City;24;1986;0.1;0;;0;;;0.00;;;;0;0;Matches
394;Andrea Orlandi;es ESP;FW,MF;Swansea City;26;1984;1.3;1;;2;;;1.51;;0.50;;0;0;Matches
395;Bradley Orr;eng ENG;DF;QPR;28;1982;3.7;0;;0;;;0.00;;;;0;0;Matches
396;Bradley Orr;eng ENG;DF;Blackburn;28;1982;10.6;0;;2;;;0.19;;0.00;;0;0;Matches
397;Leon Osman;eng ENG;MF;Everton;30;1981;26.3;5;;24;;;0.91;;0.21;;0;0;Matches
398;Michael Owen;eng ENG;FW;Manchester Utd;31;1979;0.9;0;;0;;;0.00;;;;0;0;Matches
399;Alex Oxlade-Chamberlain;eng ENG;FW,MF;Arsenal;17;1993;6.2;2;;3;;;0.48;;0.67;;0;0;Matches
400;Wilson Palacios;hn HON;MF;Stoke City;27;1984;9.0;0;;0;;;0.00;;;;0;0;Matches
401;Scott Parker;eng ENG;MF;Tottenham;30;1980;27.4;0;;4;;;0.15;;0.00;;0;0;Matches
402;Roman Pavlyuchenko;ru RUS;FW;Tottenham;29;1981;1.5;1;;1;;;0.68;;1.00;;0;0;Matches
403;Jermaine Pennant;eng ENG;MF;Stoke City;28;1983;18.9;0;;0;;;0.00;;;;0;0;Matches
404;James Perch;eng ENG;DF,MF;Newcastle Utd;25;1985;14.9;0;;0;;;0.00;;;;0;0;Matches
405;Bruno Perone;br BRA;DF,MF;QPR;24;1987;1.0;0;;0;;;0.00;;;;0;0;Matches
406;Robin van Persie;nl NED;FW;Arsenal;27;1983;37.0;30;;81;;;2.19;;0.35;;2;3;Matches
407;Martin Petrov;bg BUL;FW,MF;Bolton;32;1979;28.5;4;;21;;;0.74;;0.00;;4;4;Matches
408;Stiliyan Petrov;bg BUL;MF;Aston Villa;32;1979;25.8;4;;13;;;0.50;;0.31;;0;0;Matches
409;Radosav Petrović;rs SRB;DF,MF;Blackburn;22;1989;11.0;0;;2;;;0.18;;0.00;;0;0;Matches
410;Steven Pienaar;za RSA;MF;Tottenham;29;1982;0.2;0;;0;;;0.00;;;;0;0;Matches
411;Steven Pienaar;za RSA;MF;Everton;29;1982;13.7;4;;9;;;0.66;;0.44;;0;0;Matches
412;Anthony Pilkington;ie IRL;FW,MF;Norwich City;23;1988;21.9;8;;20;;;0.91;;0.40;;0;0;Matches
413;David Pizarro;cl CHI;MF;Manchester City;31;1979;1.8;0;;0;;;0.00;;;;0;0;Matches
414;Paul Pogba;fr FRA;MF;Manchester Utd;18;1993;0.8;0;;0;;;0.00;;;;0;0;Matches
415;Pavel Pogrebnyak;ru RUS;FW;Fulham;27;1983;10.5;6;;7;;;0.67;;0.86;;0;0;Matches
416;Darren Pratley;jm JAM;DF,MF;Bolton;26;1985;14.2;1;;6;;;0.42;;0.17;;0;0;Matches
417;Danny Pugh;eng ENG;DF,MF;Stoke City;28;1982;1.2;0;;0;;;0.00;;;;0;0;Matches
418;Jason Puncheon;eng ENG;MF;QPR;25;1986;0.2;0;;0;;;0.00;;;;0;0;Matches
419;Rafael;br BRA;DF,MF;Manchester Utd;21;1990;10.1;0;;5;;;0.49;;0.00;;0;0;Matches
420;Ramires;br BRA;MF;Chelsea;24;1987;27.5;5;;21;;;0.76;;0.24;;0;0;Matches
421;Aaron Ramsey;wls WAL;MF;Arsenal;20;1990;27.4;2;;19;;;0.69;;0.11;;0;0;Matches
422;Àngel Rangel;es ESP;DF;Swansea City;28;1982;31.9;0;;1;;;0.03;;0.00;;0;0;Matches
423;Abdul Razak;ci CIV;MF;Manchester City;18;1992;0.1;0;;0;;;0.00;;;;0;0;Matches
424;Tim Ream;us USA;DF;Bolton;23;1987;13.0;0;;1;;;0.08;;0.00;;0;0;Matches
425;Steven Reid;ie IRL;DF,MF;West Brom;30;1981;19.6;1;;4;;;0.20;;0.25;;0;0;Matches
426;Pepe Reina;es ESP;GK;Liverpool;28;1982;33.9;0;;0;;;0.00;;;;0;0;Matches
427;Nigel Reo-Coker;eng ENG;MF;Bolton;27;1984;36.2;3;;8;;;0.22;;0.38;;0;0;Matches
428;Jazz Richards;wls WAL;DF,MF;Swansea City;20;1991;6.4;0;;0;;;0.00;;;;0;0;Matches
429;Micah Richards;eng ENG;DF;Manchester City;23;1988;22.7;1;;7;;;0.31;;0.14;;0;0;Matches
430;Kieran Richardson;eng ENG;DF,MF;Sunderland;26;1984;25.3;2;;12;;;0.47;;0.17;;0;0;Matches
431;Sam Ricketts;wls WAL;DF;Bolton;29;1981;20.0;1;;4;;;0.20;;0.25;;0;0;Matches
432;Liam Ridgewell;eng ENG;DF;West Brom;27;1984;13.0;1;;7;;;0.54;;0.14;;0;0;Matches
433;Joe Riley;eng ENG;DF;Bolton;19;1991;2.2;0;;0;;;0.00;;;;0;0;Matches
434;Jason Roberts;gd GRN;FW;Blackburn;33;1978;5.2;0;;1;;;0.19;;0.00;;0;0;Matches
435;Paul Robinson;eng ENG;DF;Bolton;32;1978;15.8;0;;0;;;0.00;;;;0;0;Matches
436;Paul Robinson;eng ENG;GK;Blackburn;31;1979;34.0;0;;0;;;0.00;;;;0;0;Matches
437;Rubén Rochina;es ESP;FW,MF;Blackburn;20;1991;9.1;2;;10;;;1.10;;0.20;;0;0;Matches
438;Hugo Rodallega;co COL;FW;Wigan Athletic;26;1985;14.0;2;;15;;;1.07;;0.13;;0;0;Matches
439;Maxi Rodríguez;ar ARG;FW,MF;Liverpool;30;1981;8.8;4;;8;;;0.91;;0.50;;0;0;Matches
440;Jack Rodwell;eng ENG;DF,MF;Everton;20;1991;10.3;2;;7;;;0.68;;0.29;;0;0;Matches
441;Oriol Romeu;es ESP;MF;Chelsea;19;1991;10.6;0;;2;;;0.19;;0.00;;0;0;Matches
442;Wayne Rooney;eng ENG;FW,MF;Manchester Utd;25;1985;31.4;27;;72;;;2.29;;0.29;;6;8;Matches
443;Danny Rose;eng ENG;DF,MF;Tottenham;21;1990;3.6;0;;1;;;0.28;;0.00;;0;0;Matches
444;Tomáš Rosický;cz CZE;MF;Arsenal;30;1980;19.6;1;;10;;;0.51;;0.10;;0;0;Matches
445;Wayne Routledge;eng ENG;FW,MF;Swansea City;26;1985;16.2;1;;3;;;0.19;;0.33;;0;0;Matches
446;Declan Rudd;eng ENG;GK;Norwich City;20;1991;1.1;0;;0;;;0.00;;;;0;0;Matches
447;John Ruddy;eng ENG;GK;Norwich City;24;1986;36.9;0;;0;;;0.00;;;;0;0;Matches
448;Bryan Ruiz;cr CRC;FW,MF;Fulham;25;1985;16.8;2;;11;;;0.65;;0.18;;0;0;Matches
449;Orlando Sá;pt POR;FW;Fulham;23;1988;3.1;1;;4;;;1.28;;0.25;;0;0;Matches
450;Bacary Sagna;fr FRA;DF;Arsenal;28;1983;18.9;1;;2;;;0.11;;0.50;;0;0;Matches
451;Louis Saha;fr FRA;FW;Tottenham;32;1978;4.4;3;;6;;;1.35;;0.50;;0;0;Matches
452;Louis Saha;fr FRA;FW;Everton;32;1978;14.2;1;;9;;;0.63;;0.11;;0;0;Matches
453;Míchel Salgado;es ESP;DF;Blackburn;35;1975;7.2;0;;0;;;0.00;;;;0;0;Matches
454;Christopher Samba;cg CGO;DF;Blackburn;27;1984;15.0;2;;10;;;0.67;;0.20;;0;0;Matches
455;Conor Sammon;ie IRL;FW;Wigan Athletic;24;1986;9.4;0;;3;;;0.32;;0.00;;0;0;Matches
456;Sandro;br BRA;MF;Tottenham;22;1989;15.7;0;;4;;;0.26;;0.00;;0;0;Matches
457;Tuncay Şanlı;tr TUR;FW,MF;Bolton;29;1982;4.4;0;;1;;;0.23;;0.00;;0;0;Matches
458;Davide Santon;it ITA;DF;Newcastle Utd;20;1991;18.5;0;;1;;;0.05;;0.00;;0;0;Matches
459;André Santos;br BRA;DF,MF;Arsenal;28;1983;11.3;2;;4;;;0.35;;0.50;;0;0;Matches
460;Stefan Savić;me MNE;DF,MF;Manchester City;20;1991;6.1;1;;1;;;0.16;;1.00;;0;0;Matches
461;Paul Scharner;at AUT;DF,MF;West Brom;31;1980;17.8;3;;10;;;0.56;;0.30;;0;0;Matches
462;Paul Scholes;eng ENG;MF;Manchester Utd;36;1974;12.9;4;;7;;;0.54;;0.57;;0;0;Matches
463;Mark Schwarzer;au AUS;GK;Fulham;38;1972;30.0;0;;0;;;0.00;;;;0;0;Matches
464;Philippe Senderos;ch SUI;DF;Fulham;26;1985;20.3;1;;2;;;0.10;;0.50;;0;0;Matches
465;Stéphane Sessègnon;bj BEN;FW,MF;Sunderland;27;1984;34.7;7;;21;;;0.60;;0.33;;0;0;Matches
466;Ryan Shawcross;eng ENG;DF;Stoke City;23;1987;35.2;2;;4;;;0.11;;0.50;;0;0;Matches
467;Jonjo Shelvey;eng ENG;MF;Liverpool;19;1992;8.1;1;;8;;;0.99;;0.13;;0;0;Matches
468;Nicky Shorey;eng ENG;DF,MF;West Brom;30;1981;22.4;0;;0;;;0.00;;;;0;0;Matches
469;Ryan Shotton;eng ENG;DF,FW;Stoke City;22;1988;15.5;1;;1;;;0.06;;1.00;;0;0;Matches
470;Steve Sidwell;eng ENG;MF;Fulham;28;1982;12.0;1;;3;;;0.25;;0.33;;0;0;Matches
471;Gylfi Sigurðsson;is ISL;FW,MF;Swansea City;21;1989;16.6;7;;24;;;1.45;;0.29;;0;0;Matches
472;David Silva;es ESP;FW,MF;Manchester City;25;1986;31.1;6;;33;;;1.06;;0.18;;0;0;Matches
473;Danny Simpson;eng ENG;DF;Newcastle Utd;24;1987;34.6;0;;1;;;0.03;;0.00;;0;0;Matches
474;Scott Sinclair;eng ENG;FW,MF;Swansea City;22;1989;34.7;8;;26;;;0.75;;0.15;;4;5;Matches
475;Martin Škrtel;sk SVK;DF;Liverpool;26;1984;33.3;2;;6;;;0.18;;0.33;;0;0;Matches
476;Jordan Slew;eng ENG;FW,MF;Blackburn;18;1992;0.0;0;;0;;;0.00;;;;0;0;Matches
477;Chris Smalling;eng ENG;DF;Manchester Utd;21;1989;14.4;1;;1;;;0.07;;1.00;;0;0;Matches
478;Adam Smith;eng ENG;DF,MF;Tottenham;20;1991;0.2;0;;0;;;0.00;;;;0;0;Matches
479;Alan Smith;eng ENG;FW,MF;Newcastle Utd;30;1980;0.1;0;;0;;;0.00;;;;0;0;Matches
480;Tommy Smith;eng ENG;FW,MF;QPR;31;1980;6.1;2;;4;;;0.65;;0.50;;0;0;Matches
481;Alexandre Song;cm CMR;DF,MF;Arsenal;23;1987;33.3;1;;5;;;0.15;;0.20;;0;0;Matches
482;Marvin Sordell;eng ENG;FW;Bolton;20;1991;0.5;0;;0;;;0.00;;;;0;0;Matches
483;Jay Spearing;eng ENG;MF;Liverpool;22;1988;14.4;0;;2;;;0.14;;0.00;;0;0;Matches
484;Sébastien Squillaci;fr FRA;DF;Arsenal;30;1980;0.1;0;;0;;;0.00;;;;0;0;Matches
485;Ronnie Stam;nl NED;DF,MF;Wigan Athletic;27;1984;13.6;0;;1;;;0.07;;0.00;;0;0;Matches
486;Richard Stearman;eng ENG;DF;Wolves;23;1987;26.7;0;;0;;;0.00;;;;0;0;Matches
487;Grétar Steinsson;is ISL;DF;Bolton;29;1982;20.9;1;;4;;;0.19;;0.25;;0;0;Matches
488;Raheem Sterling;eng ENG;FW,MF;Liverpool;16;1994;0.3;0;;0;;;0.00;;;;0;0;Matches
489;David Stockdale;eng ENG;GK;Fulham;25;1985;8.0;0;;0;;;0.00;;;;0;0;Matches
490;Denis Stracqualursi;ar ARG;FW;Everton;23;1987;8.1;1;;8;;;0.98;;0.13;;0;0;Matches
491;Daniel Sturridge;eng ENG;FW,MF;Chelsea;21;1989;25.0;11;;32;;;1.28;;0.34;;0;0;Matches
492;Luis Suárez;uy URU;FW;Liverpool;24;1987;28.3;11;;42;;;1.49;;0.26;;0;1;Matches
493;Andrew Surman;eng ENG;MF;Norwich City;24;1986;21.3;4;;10;;;0.47;;0.40;;0;0;Matches
494;Wojciech Szczęsny;pl POL;GK;Arsenal;21;1990;38.0;0;;0;;;0.00;;;;0;0;Matches
495;Thomas Sørensen;dk DEN;GK;Stoke City;35;1976;15.8;0;;0;;;0.00;;;;0;0;Matches
496;Adel Taarabt;ma MAR;FW,MF;QPR;22;1989;22.3;2;;31;;;1.39;;0.06;;0;0;Matches
497;Taye Taiwo;ng NGA;DF;QPR;26;1985;13.3;1;;4;;;0.30;;0.25;;0;0;Matches
498;Gabriel Tamaș;ro ROU;DF;West Brom;27;1983;7.4;0;;1;;;0.14;;0.00;;0;0;Matches
499;Alan Tate;eng ENG;DF;Swansea City;28;1982;1.8;0;;0;;;0.00;;;;0;0;Matches
500;Neil Taylor;wls WAL;DF,MF;Swansea City;22;1989;34.2;0;;1;;;0.03;;0.00;;0;0;Matches
501;Ryan Taylor;eng ENG;DF,MF;Newcastle Utd;26;1984;23.6;2;;5;;;0.21;;0.40;;0;0;Matches
502;Steven Taylor;eng ENG;DF;Newcastle Utd;25;1986;14.0;0;;1;;;0.07;;0.00;;0;0;Matches
503;Somen Tchoyi;cm CMR;MF;West Brom;28;1983;7.3;1;;5;;;0.69;;0.20;;0;0;Matches
504;John Terry;eng ENG;DF;Chelsea;30;1980;31.0;6;;13;;;0.42;;0.46;;0;0;Matches
505;Carlos Tevez;ar ARG;FW,MF;Manchester City;27;1984;6.7;4;;16;;;2.40;;0.25;;0;1;Matches
506;Jerome Thomas;eng ENG;FW,MF;West Brom;28;1983;22.0;1;;10;;;0.45;;0.10;;0;0;Matches
507;George Thorne;eng ENG;MF;West Brom;18;1993;1.2;0;;0;;;0.00;;;;0;0;Matches
508;Marc Tierney;eng ENG;DF;Norwich City;25;1985;17.0;0;;1;;;0.06;;0.00;;0;0;Matches
509;Cheick Tioté;ci CIV;MF;Newcastle Utd;25;1986;22.6;0;;7;;;0.31;;0.00;;0;0;Matches
510;Fernando Torres;es ESP;FW;Chelsea;27;1984;21.3;6;;23;;;1.08;;0.26;;0;0;Matches
511;Kolo Touré;ci CIV;DF;Manchester City;30;1981;9.5;0;;2;;;0.21;;0.00;;0;0;Matches
512;Yaya Touré;ci CIV;MF;Manchester City;28;1983;29.4;6;;16;;;0.54;;0.38;;0;0;Matches
513;Armand Traoré;sn SEN;DF,MF;Arsenal;21;1989;1.0;0;;0;;;0.00;;;;0;0;Matches
514;Armand Traoré;sn SEN;DF,MF;QPR;21;1989;17.9;0;;3;;;0.17;;0.00;;0;0;Matches
515;Gerhard Tremmel;de GER;GK;Swansea City;32;1978;1.0;0;;0;;;0.00;;;;0;0;Matches
516;Marcello Trotta;it ITA;FW;Fulham;18;1992;0.0;0;;1;;;30.00;;0.00;;0;0;Matches
517;Ross Turnbull;eng ENG;GK;Chelsea;26;1985;2.0;0;;0;;;0.00;;;;0;0;Matches
518;Michael Turner;eng ENG;DF;Sunderland;27;1983;23.5;0;;2;;;0.09;;0.00;;0;0;Matches
519;Matt Upson;eng ENG;DF;Stoke City;32;1979;11.4;1;;2;;;0.18;;0.50;;0;0;Matches
520;Antonio Valencia;ec ECU;DF,MF;Manchester Utd;25;1985;23.6;4;;9;;;0.38;;0.44;;0;0;Matches
521;David Vaughan;wls WAL;MF;Sunderland;28;1983;16.5;2;;6;;;0.36;;0.33;;0;0;Matches
522;James Vaughan;eng ENG;FW;Norwich City;23;1988;1.7;0;;0;;;0.00;;;;0;0;Matches
523;Josh Vela;eng ENG;DF,MF;Bolton;17;1993;0.4;0;;0;;;0.00;;;;0;0;Matches
524;Apostolos Vellios;gr GRE;FW;Everton;19;1992;2.9;3;;7;;;2.42;;0.43;;0;0;Matches
525;Thomas Vermaelen;be BEL;DF;Arsenal;25;1985;27.5;6;;12;;;0.44;;0.50;;0;0;Matches
526;Nemanja Vidić;rs SRB;DF;Manchester Utd;29;1981;5.6;0;;2;;;0.36;;0.00;;0;0;Matches
527;Sam Vokes;wls WAL;FW;Wolves;21;1989;0.7;0;;0;;;0.00;;;;0;0;Matches
528;Michel Vorm;nl NED;GK;Swansea City;27;1983;37.0;0;;0;;;0.00;;;;0;0;Matches
529;Dorus de Vries;nl NED;GK;Wolves;30;1980;3.6;0;;0;;;0.00;;;;0;0;Matches
530;Haris Vučkić;si SVN;FW,MF;Newcastle Utd;18;1992;1.9;0;;1;;;0.53;;0.00;;0;0;Matches
531;Simon Vukčević;me MNE;MF;Blackburn;25;1986;4.2;1;;2;;;0.48;;0.50;;0;0;Matches
532;Theo Walcott;eng ENG;FW,MF;Arsenal;22;1989;30.3;8;;34;;;1.12;;0.24;;0;0;Matches
533;Kyle Walker;eng ENG;DF,MF;Tottenham;21;1990;35.9;2;;3;;;0.08;;0.67;;0;0;Matches
534;Jonathan Walters;ie IRL;FW,MF;Stoke City;27;1983;37.0;7;;19;;;0.51;;0.16;;4;6;Matches
535;Elliott Ward;eng ENG;DF;Norwich City;26;1985;12.0;0;;1;;;0.08;;0.00;;0;0;Matches
536;Stephen Ward;ie IRL;DF,FW;Wolves;25;1985;38.0;3;;6;;;0.16;;0.50;;0;0;Matches
537;Stephen Warnock;eng ENG;DF;Aston Villa;29;1981;33.9;2;;4;;;0.12;;0.50;;0;0;Matches
538;Ben Watson;eng ENG;MF;Wigan Athletic;26;1985;14.0;3;;7;;;0.50;;0.14;;2;4;Matches
539;Andreas Weimann;at AUT;FW,MF;Aston Villa;19;1991;6.0;2;;6;;;1.00;;0.33;;0;0;Matches
540;Danny Welbeck;eng ENG;FW,MF;Manchester Utd;20;1990;22.4;9;;35;;;1.57;;0.26;;0;0;Matches
541;Keiren Westwood;ie IRL;GK;Sunderland;26;1984;8.4;0;;0;;;0.00;;;;0;0;Matches
542;David Wheater;eng ENG;DF;Bolton;24;1987;22.3;2;;4;;;0.18;;0.50;;0;0;Matches
543;Glenn Whelan;ie IRL;MF;Stoke City;27;1984;27.6;1;;3;;;0.11;;0.33;;0;0;Matches
544;Zak Whitbread;us USA;DF;Norwich City;27;1984;15.9;0;;4;;;0.25;;0.00;;0;0;Matches
545;Dean Whitehead;eng ENG;DF,MF;Stoke City;29;1982;26.3;0;;2;;;0.08;;0.00;;0;0;Matches
546;Connor Wickham;eng ENG;FW,MF;Sunderland;18;1993;5.9;1;;4;;;0.68;;0.25;;0;0;Matches
547;Aaron Wilbraham;eng ENG;FW;Norwich City;31;1979;3.5;1;;6;;;1.72;;0.17;;0;0;Matches
548;Andy Wilkinson;eng ENG;DF;Stoke City;26;1984;19.0;0;;2;;;0.11;;0.00;;0;0;Matches
549;Ashley Williams;wls WAL;DF;Swansea City;26;1984;37.0;1;;5;;;0.14;;0.20;;0;0;Matches
550;Mike Williamson;eng ENG;DF;Newcastle Utd;27;1983;21.1;0;;2;;;0.09;;0.00;;0;0;Matches
551;Marc Wilson;ie IRL;DF,MF;Stoke City;23;1987;32.2;0;;7;;;0.22;;0.00;;0;0;Matches
552;Jonathan Woodgate;eng ENG;DF;Stoke City;31;1980;14.1;0;;0;;;0.00;;;;0;0;Matches
553;Shaun Wright-Phillips;eng ENG;FW,MF;QPR;29;1981;24.6;0;;12;;;0.49;;0.00;;0;0;Matches
554;Nico Yennaris;cn CHN;DF,MF;Arsenal;18;1993;0.5;0;;0;;;0.00;;;;0;0;Matches
555;Ashley Young;eng ENG;DF,FW;Manchester Utd;26;1985;17.4;6;;21;;;1.21;;0.29;;0;0;Matches
556;Luke Young;eng ENG;DF;Aston Villa;32;1979;1.6;0;;0;;;0.00;;;;0;0;Matches
557;Luke Young;eng ENG;DF;QPR;32;1979;22.6;2;;5;;;0.22;;0.40;;0;0;Matches
558;Pablo Zabaleta;ar ARG;DF,MF;Manchester City;26;1985;17.2;1;;5;;;0.29;;0.20;;0;0;Matches
559;Bobby Zamora;eng ENG;FW;QPR;30;1981;13.1;2;;6;;;0.46;;0.33;;0;0;Matches
560;Bobby Zamora;eng ENG;FW;Fulham;30;1981;13.1;5;;15;;;1.14;;0.27;;1;1;Matches
561;Ronald Zubar;fr FRA;DF;Wolves;25;1985;12.9;1;;2;;;0.15;;0.50;;0;0;Matches
